mixture_ID,source_1_path,source_1_gain,noise_path,noise_gain
211-122442-0070,train-clean-100/211/122442/211-122442-0070.flac,1.836523280945797,tr/NPARK_00_020.wav,0.4971627108913728
103-1241-0025,train-clean-100/103/1241/103-1241-0025.flac,0.8356812817799235,tr/PSTATION_00_033.wav,0.34164067354196104
3879-173592-0043,train-clean-100/3879/173592/3879-173592-0043.flac,1.7641561152005272,tr/OOFFICE_00_019sp12.wav,0.36893356171957076
2289-152258-0014,train-clean-100/2289/152258/2289-152258-0014.flac,1.5560485929118444,tr/PCAFETER_00_022.wav,0.3773609894683552
201-127786-0068,train-clean-100/201/127786/201-127786-0068.flac,1.3148501158715962,tr/PCAFETER_00_014sp12.wav,0.6281099918565767
226-131532-0032,train-clean-100/226/131532/226-131532-0032.flac,1.6086746878767155,tr/SPSQUARE_00_016sp12.wav,0.42741118062699995
3436-172162-0031,train-clean-100/3436/172162/3436-172162-0031.flac,0.8916464394729635,tr/PSTATION_00_016.wav,0.6052135640490126
1235-135883-0032,train-clean-100/1235/135883/1235-135883-0032.flac,0.7984868327854692,tr/DKITCHEN_00_012sp12.wav,0.38118053162827764
211-122442-0065,train-clean-100/211/122442/211-122442-0065.flac,0.955551596841882,tr/PRESTO_00_016sp08.wav,0.5023321681180994
26-496-0006,train-clean-100/26/496/26-496-0006.flac,1.1021568062166889,tr/PRESTO_00_007.wav,0.7604601880636015
7302-86814-0016,train-clean-100/7302/86814/7302-86814-0016.flac,1.8611207426716385,tr/NRIVER_00_023.wav,0.47340465099007584
4051-11217-0008,train-clean-100/4051/11217/4051-11217-0008.flac,0.8608326763672964,tr/PSTATION_00_000sp08.wav,0.5737301437515592
1040-133433-0054,train-clean-100/1040/133433/1040-133433-0054.flac,1.4692475333064186,tr/PRESTO_00_034.wav,0.35319055285327805
1898-145715-0019,train-clean-100/1898/145715/1898-145715-0019.flac,0.9774404984857957,tr/TBUS_00_015sp08.wav,0.46051350461637497
8838-298545-0044,train-clean-100/8838/298545/8838-298545-0044.flac,1.7592555428611552,tr/TMETRO_00_023sp12.wav,0.35593144236933066
32-4137-0031,train-clean-100/32/4137/32-4137-0031.flac,1.5289388467054297,tr/TBUS_00_027.wav,0.6790492373198216
5456-62014-0009,train-clean-100/5456/62014/5456-62014-0009.flac,1.9175510221044063,tr/TCAR_00_009sp12.wav,0.49441692699355144
5652-19215-0011,train-clean-100/5652/19215/5652-19215-0011.flac,0.7935259111326679,tr/DLIVING_00_029sp12.wav,0.3436125665317279
8747-293952-0018,train-clean-100/8747/293952/8747-293952-0018.flac,1.427475104126801,tr/OHALLWAY_00_009.wav,0.5533532427060879
8797-294123-0067,train-clean-100/8797/294123/8797-294123-0067.flac,0.7595332931225013,tr/SPSQUARE_00_021sp12.wav,0.5956793900611068
5808-54425-0043,train-clean-100/5808/54425/5808-54425-0043.flac,0.8356486583183731,tr/PSTATION_00_005sp08.wav,0.3565801424963149
4640-19187-0041,train-clean-100/4640/19187/4640-19187-0041.flac,1.534281596212338,tr/DWASHING_00_005sp12.wav,0.41795393022810706
233-134440-0040,train-clean-100/233/134440/233-134440-0040.flac,1.492767131698306,tr/SPSQUARE_00_018sp08.wav,0.5549780693365346
2843-152918-0044,train-clean-100/2843/152918/2843-152918-0044.flac,1.026221463530884,tr/NFIELD_00_019sp08.wav,0.633689882876863
3982-182255-0027,train-clean-100/3982/182255/3982-182255-0027.flac,1.4600010424980838,tr/OOFFICE_00_009sp08.wav,0.480497905813361
27-124992-0013,train-clean-100/27/124992/27-124992-0013.flac,1.2012158795100893,tr/STRAFFIC_00_028.wav,0.7981137928949078
27-123349-0030,train-clean-100/27/123349/27-123349-0030.flac,0.763757189380508,tr/DWASHING_00_024.wav,0.38743442714847887
27-124992-0005,train-clean-100/27/124992/27-124992-0005.flac,0.9920771967908836,tr/SPSQUARE_00_031sp08.wav,0.7371857652820532
4441-76263-0016,train-clean-100/4441/76263/4441-76263-0016.flac,0.8397528837413373,tr/PRESTO_00_034sp12.wav,0.47181227307218143
2002-139469-0038,train-clean-100/2002/139469/2002-139469-0038.flac,1.7350557366468387,tr/NRIVER_00_025sp12.wav,0.7280851744828694
3374-298032-0039,train-clean-100/3374/298032/3374-298032-0039.flac,1.2537507843522024,tr/NPARK_00_005sp08.wav,0.38396158299267624
1447-130552-0005,train-clean-100/1447/130552/1447-130552-0005.flac,1.5359999676589087,tr/NFIELD_00_021.wav,0.8209251727974066
5808-54425-0031,train-clean-100/5808/54425/5808-54425-0031.flac,0.9519922183258189,tr/OMEETING_00_033sp12.wav,0.4775954338061925
1455-138263-0000,train-clean-100/1455/138263/1455-138263-0000.flac,1.3416826343768216,tr/PRESTO_00_031sp08.wav,0.49541457305855807
4481-17498-0033,train-clean-100/4481/17498/4481-17498-0033.flac,1.1699970486301612,tr/STRAFFIC_00_019.wav,0.6086565515067848
5652-19215-0021,train-clean-100/5652/19215/5652-19215-0021.flac,1.5257455924917138,tr/TCAR_00_002sp12.wav,0.4411072827948252
125-121124-0084,train-clean-100/125/121124/125-121124-0084.flac,0.8155240257902008,tr/OOFFICE_00_034sp12.wav,0.6279954973012621
839-130898-0019,train-clean-100/839/130898/839-130898-0019.flac,1.687352180843629,tr/TBUS_00_014sp08.wav,0.5946259601221132
2391-145015-0074,train-clean-100/2391/145015/2391-145015-0074.flac,1.4918518613773375,tr/TMETRO_00_024sp08.wav,0.6468394895877815
78-368-0042,train-clean-100/78/368/78-368-0042.flac,0.9409907267827118,tr/OOFFICE_00_032sp12.wav,0.3589807030013058
4195-17507-0039,train-clean-100/4195/17507/4195-17507-0039.flac,1.0268926682998918,tr/TBUS_00_034sp12.wav,0.48560547244230406
4214-7146-0040,train-clean-100/4214/7146/4214-7146-0040.flac,1.168805514179741,tr/TBUS_00_001sp08.wav,0.754837080866466
3440-171009-0042,train-clean-100/3440/171009/3440-171009-0042.flac,0.8804067419837992,tr/DKITCHEN_00_021sp12.wav,0.6018998459343775
1578-6379-0013,train-clean-100/1578/6379/1578-6379-0013.flac,0.9187126455008591,tr/OHALLWAY_00_007.wav,0.8083641882087812
211-122442-0012,train-clean-100/211/122442/211-122442-0012.flac,1.8628251429330567,tr/PRESTO_00_014.wav,0.5310504467056268
8465-246943-0029,train-clean-100/8465/246943/8465-246943-0029.flac,1.8796708426778719,tr/NPARK_00_020sp08.wav,0.6211696252454856
5652-39938-0066,train-clean-100/5652/39938/5652-39938-0066.flac,0.9276170936083438,tr/PRESTO_00_008sp08.wav,0.479274441894473
2436-2476-0034,train-clean-100/2436/2476/2436-2476-0034.flac,1.362054249578798,tr/DWASHING_00_032.wav,0.8334460936671079
4088-158077-0084,train-clean-100/4088/158077/4088-158077-0084.flac,1.8253197365149358,tr/NPARK_00_007.wav,0.6007080965547096
163-122947-0000,train-clean-100/163/122947/163-122947-0000.flac,0.8356449957244523,tr/NRIVER_00_019sp12.wav,0.39619247972628646
4813-248638-0016,train-clean-100/4813/248638/4813-248638-0016.flac,1.049002881874797,tr/NFIELD_00_025sp08.wav,0.44426728105398017
5808-48608-0051,train-clean-100/5808/48608/5808-48608-0051.flac,1.286616808795853,tr/PSTATION_00_002.wav,0.5293464141914205
887-123289-0033,train-clean-100/887/123289/887-123289-0033.flac,0.8559847830192291,tr/DWASHING_00_031sp08.wav,0.565994694575855
6531-61334-0026,train-clean-100/6531/61334/6531-61334-0026.flac,1.6903031249273601,tr/NRIVER_00_030.wav,0.5515897119593445
6476-96661-0015,train-clean-100/6476/96661/6476-96661-0015.flac,1.7806995795351064,tr/DKITCHEN_00_010.wav,0.41604537133164127
2391-145015-0120,train-clean-100/2391/145015/2391-145015-0120.flac,1.3487918099267604,tr/DWASHING_00_014sp08.wav,0.5238347855491906
6000-86686-0012,train-clean-100/6000/86686/6000-86686-0012.flac,1.112491044956282,tr/NRIVER_00_022sp12.wav,0.5949156621934742
233-134440-0058,train-clean-100/233/134440/233-134440-0058.flac,1.675502207316633,tr/TBUS_00_016sp12.wav,0.7055169429433444
5456-62043-0034,train-clean-100/5456/62043/5456-62043-0034.flac,1.0722241621595008,tr/DWASHING_00_034sp12.wav,0.7007050905609776
7264-92314-0030,train-clean-100/7264/92314/7264-92314-0030.flac,0.8994904108917561,tr/PRESTO_00_021.wav,0.5972773725310747
5688-41232-0005,train-clean-100/5688/41232/5688-41232-0005.flac,0.7843039197127363,tr/PRESTO_00_006sp12.wav,0.49000801575043923
7302-86814-0041,train-clean-100/7302/86814/7302-86814-0041.flac,0.9599786290822852,tr/STRAFFIC_00_035sp12.wav,0.5456848946762374
211-122442-0023,train-clean-100/211/122442/211-122442-0023.flac,0.9435058459818074,tr/NRIVER_00_014sp12.wav,0.4276811159762896
5703-47212-0035,train-clean-100/5703/47212/5703-47212-0035.flac,0.9236985992509309,tr/DLIVING_00_018sp12.wav,0.7163872410035241
458-126290-0019,train-clean-100/458/126290/458-126290-0019.flac,1.5088810779742432,tr/TMETRO_00_005sp12.wav,0.44694570412247214
1963-142776-0001,train-clean-100/1963/142776/1963-142776-0001.flac,1.4367092164534292,tr/STRAFFIC_00_014.wav,0.5588886752167374
5688-15787-0030,train-clean-100/5688/15787/5688-15787-0030.flac,1.0791763203124967,tr/SPSQUARE_00_008sp08.wav,0.8308198222505533
3240-131231-0014,train-clean-100/3240/131231/3240-131231-0014.flac,1.1589469399567438,tr/STRAFFIC_00_009sp12.wav,0.6265173720302913
7859-102519-0047,train-clean-100/7859/102519/7859-102519-0047.flac,1.3999003195642616,tr/SPSQUARE_00_018.wav,0.5659246518917921
254-27760-0004,train-clean-100/254/27760/254-27760-0004.flac,1.2069047218742597,tr/DKITCHEN_00_024.wav,0.7197603842651402
40-121026-0010,train-clean-100/40/121026/40-121026-0010.flac,1.0017108356713489,tr/OMEETING_00_006sp12.wav,0.5469675240029769
4640-19187-0022,train-clean-100/4640/19187/4640-19187-0022.flac,0.9656586191183616,tr/STRAFFIC_00_002.wav,0.34659779565660553
2436-2476-0037,train-clean-100/2436/2476/2436-2476-0037.flac,0.8117797119628434,tr/DLIVING_00_014.wav,0.45568128136618874
118-121721-0014,train-clean-100/118/121721/118-121721-0014.flac,1.4728032078489377,tr/TCAR_00_014sp12.wav,0.4679989585407131
5049-25947-0110,train-clean-100/5049/25947/5049-25947-0110.flac,0.888218285917154,tr/TBUS_00_017sp12.wav,0.563817865359931
254-27760-0010,train-clean-100/254/27760/254-27760-0010.flac,1.8370189242278483,tr/OOFFICE_00_025sp08.wav,0.7027990797532283
5104-33406-0012,train-clean-100/5104/33406/5104-33406-0012.flac,1.1864134452960473,tr/SPSQUARE_00_010sp08.wav,0.3636748611975102
2989-138035-0011,train-clean-100/2989/138035/2989-138035-0011.flac,1.8220680604024415,tr/DKITCHEN_00_021sp08.wav,0.42941097107458615
2002-139469-0069,train-clean-100/2002/139469/2002-139469-0069.flac,1.1060533009207298,tr/NFIELD_00_000sp08.wav,0.6514564890202895
27-124992-0037,train-clean-100/27/124992/27-124992-0037.flac,0.9936349520134121,tr/NPARK_00_026sp08.wav,0.5917536469378168
5514-19193-0000,train-clean-100/5514/19193/5514-19193-0000.flac,1.2235265338154906,tr/DKITCHEN_00_014sp08.wav,0.3676502123557104
4406-16883-0004,train-clean-100/4406/16883/4406-16883-0004.flac,1.1864787033311401,tr/PCAFETER_00_001.wav,0.4744655999312164
3526-176653-0050,train-clean-100/3526/176653/3526-176653-0050.flac,1.1974846417538063,tr/STRAFFIC_00_012.wav,0.5978877455670115
481-123720-0041,train-clean-100/481/123720/481-123720-0041.flac,1.1328720835723174,tr/OMEETING_00_006sp08.wav,0.3652236518104954
3486-166446-0011,train-clean-100/3486/166446/3486-166446-0011.flac,0.9356325138923992,tr/OMEETING_00_001sp12.wav,0.3712808084269624
8975-270782-0114,train-clean-100/8975/270782/8975-270782-0114.flac,1.548664080943034,tr/PRESTO_00_030sp12.wav,0.831526920622977
2182-181173-0037,train-clean-100/2182/181173/2182-181173-0037.flac,1.5733927492458175,tr/NRIVER_00_005sp08.wav,0.6105018339046943
2136-5143-0036,train-clean-100/2136/5143/2136-5143-0036.flac,0.7653934734568865,tr/OMEETING_00_024.wav,0.43210896076781563
3723-171631-0042,train-clean-100/3723/171631/3723-171631-0042.flac,0.8732346896234001,tr/PSTATION_00_016sp08.wav,0.8020256283991425
5049-25947-0060,train-clean-100/5049/25947/5049-25947-0060.flac,1.0576215973541363,tr/OMEETING_00_024sp12.wav,0.36768588578952077
7402-59171-0045,train-clean-100/7402/59171/7402-59171-0045.flac,1.5597226562289486,tr/TMETRO_00_002sp08.wav,0.7593247526193975
6064-56168-0006,train-clean-100/6064/56168/6064-56168-0006.flac,0.8681659682372347,tr/OOFFICE_00_030.wav,0.4584686406504076
4137-11702-0029,train-clean-100/4137/11702/4137-11702-0029.flac,1.7772237844067102,tr/NRIVER_00_020sp08.wav,0.5704487807213859
6147-34605-0040,train-clean-100/6147/34605/6147-34605-0040.flac,1.6553405411054092,tr/NRIVER_00_027.wav,0.47006802035097867
481-123720-0028,train-clean-100/481/123720/481-123720-0028.flac,1.7660302382660835,tr/PRESTO_00_027.wav,0.5212176468801466
8468-294887-0025,train-clean-100/8468/294887/8468-294887-0025.flac,1.0661750182430048,tr/DLIVING_00_032.wav,0.5293532634309531
1116-137572-0045,train-clean-100/1116/137572/1116-137572-0045.flac,1.3152070363109043,tr/TBUS_00_014.wav,0.6710021342398288
1081-125237-0020,train-clean-100/1081/125237/1081-125237-0020.flac,1.4710174941136196,tr/PCAFETER_00_013sp08.wav,0.39765566140227715
4018-103416-0023,train-clean-100/4018/103416/4018-103416-0023.flac,1.2585528529253764,tr/DKITCHEN_00_018.wav,0.3423952179834334
40-121026-0007,train-clean-100/40/121026/40-121026-0007.flac,1.4289939115113837,tr/PCAFETER_00_026sp12.wav,0.34562170823890714
1447-130550-0026,train-clean-100/1447/130550/1447-130550-0026.flac,1.4282130694774573,tr/DWASHING_00_023.wav,0.34679507912394153
6925-80680-0025,train-clean-100/6925/80680/6925-80680-0025.flac,1.2400844429658537,tr/PSTATION_00_014sp12.wav,0.35699157341468074
4051-11218-0046,train-clean-100/4051/11218/4051-11218-0046.flac,1.0120199308458726,tr/DWASHING_00_033sp08.wav,0.6991220175548128
4137-11701-0033,train-clean-100/4137/11701/4137-11701-0033.flac,1.1196054094772765,tr/OMEETING_00_027.wav,0.34586570891611546
909-131041-0001,train-clean-100/909/131041/909-131041-0001.flac,1.163718129171894,tr/NPARK_00_031sp12.wav,0.4500039968111268
1867-154075-0005,train-clean-100/1867/154075/1867-154075-0005.flac,1.1644365906180498,tr/PCAFETER_00_027sp08.wav,0.3447224264023248
3259-158083-0028,train-clean-100/3259/158083/3259-158083-0028.flac,1.3315506612457997,tr/OOFFICE_00_005sp12.wav,0.33702386443204585
8419-286676-0028,train-clean-100/8419/286676/8419-286676-0028.flac,0.9296756566643826,tr/STRAFFIC_00_020sp08.wav,0.4356301169994673
8975-270782-0041,train-clean-100/8975/270782/8975-270782-0041.flac,1.8202985347410323,tr/TBUS_00_030sp08.wav,0.5039533214711935
458-126305-0039,train-clean-100/458/126305/458-126305-0039.flac,1.684583741300525,tr/PSTATION_00_036.wav,0.5603334510230328
730-359-0035,train-clean-100/730/359/730-359-0035.flac,1.7082280527755793,tr/NPARK_00_000sp08.wav,0.34772038550274964
6531-61334-0122,train-clean-100/6531/61334/6531-61334-0122.flac,1.289363933343243,tr/DWASHING_00_000sp12.wav,0.3872153337726754
8629-261139-0067,train-clean-100/8629/261139/8629-261139-0067.flac,0.8358868157859856,tr/DKITCHEN_00_010sp12.wav,0.46194487367391757
1235-135883-0007,train-clean-100/1235/135883/1235-135883-0007.flac,1.4736033261735395,tr/STRAFFIC_00_001sp08.wav,0.8126351891195897
328-129766-0070,train-clean-100/328/129766/328-129766-0070.flac,1.035229423072651,tr/TCAR_00_020sp08.wav,0.39459973050115715
831-130746-0015,train-clean-100/831/130746/831-130746-0015.flac,1.0142122156644577,tr/NRIVER_00_013.wav,0.5184610947402982
1594-135914-0052,train-clean-100/1594/135914/1594-135914-0052.flac,1.5893931740364562,tr/DWASHING_00_000sp08.wav,0.45517314250116553
1963-142393-0030,train-clean-100/1963/142393/1963-142393-0030.flac,1.6161787734667834,tr/OHALLWAY_00_021sp12.wav,0.6407922998580772
4340-15220-0063,train-clean-100/4340/15220/4340-15220-0063.flac,1.8669598955408377,tr/STRAFFIC_00_027sp08.wav,0.4487439033525904
6181-216552-0018,train-clean-100/6181/216552/6181-216552-0018.flac,1.5698390804165567,tr/OHALLWAY_00_027sp08.wav,0.3806255432160682
6531-61334-0074,train-clean-100/6531/61334/6531-61334-0074.flac,1.827671012326327,tr/PCAFETER_00_032.wav,0.4313940445099372
39-121914-0025,train-clean-100/39/121914/39-121914-0025.flac,1.1499268562442437,tr/PSTATION_00_024sp12.wav,0.3959898656941377
2989-138028-0018,train-clean-100/2989/138028/2989-138028-0018.flac,1.169198807055617,tr/DWASHING_00_014sp12.wav,0.5811331285007679
374-180299-0001,train-clean-100/374/180299/374-180299-0001.flac,0.784784120019233,tr/PCAFETER_00_008sp08.wav,0.4614738191566876
6078-54013-0024,train-clean-100/6078/54013/6078-54013-0024.flac,1.5786567552780595,tr/TMETRO_00_022sp12.wav,0.7203685505007437
5867-48852-0041,train-clean-100/5867/48852/5867-48852-0041.flac,1.3574695254565559,tr/SPSQUARE_00_019.wav,0.6484980132283212
2836-5355-0044,train-clean-100/2836/5355/2836-5355-0044.flac,0.9871543817379241,tr/PRESTO_00_033sp12.wav,0.6889805983952209
2691-156750-0021,train-clean-100/2691/156750/2691-156750-0021.flac,1.7260395940687743,tr/SPSQUARE_00_006sp12.wav,0.38211234995222426
1578-6379-0042,train-clean-100/1578/6379/1578-6379-0042.flac,1.160209713835907,tr/PCAFETER_00_005.wav,0.6482606519417924
1235-135884-0033,train-clean-100/1235/135884/1235-135884-0033.flac,1.2240616765421826,tr/SPSQUARE_00_008sp12.wav,0.5664631123636193
4014-186183-0011,train-clean-100/4014/186183/4014-186183-0011.flac,0.9947281810861487,tr/TCAR_00_008sp12.wav,0.7459636337823745
2843-152918-0078,train-clean-100/2843/152918/2843-152918-0078.flac,1.1159590494111444,tr/TBUS_00_025.wav,0.442412846788905
118-47824-0032,train-clean-100/118/47824/118-47824-0032.flac,0.8629212247116429,tr/NRIVER_00_015.wav,0.5275669609367607
6476-57446-0087,train-clean-100/6476/57446/6476-57446-0087.flac,1.0486305625559509,tr/TBUS_00_032.wav,0.7604582184089436
201-122255-0008,train-clean-100/201/122255/201-122255-0008.flac,1.8839905833286417,tr/TCAR_00_020sp12.wav,0.640543542363643
2002-139469-0070,train-clean-100/2002/139469/2002-139469-0070.flac,1.132596596459696,tr/TCAR_00_004sp08.wav,0.44995703082739996
3235-28452-0014,train-clean-100/3235/28452/3235-28452-0014.flac,0.9845237064115119,tr/OOFFICE_00_022sp08.wav,0.7059787493458183
5104-33407-0019,train-clean-100/5104/33407/5104-33407-0019.flac,1.5850547849989407,tr/NPARK_00_022.wav,0.7028635150993074
39-121915-0026,train-clean-100/39/121915/39-121915-0026.flac,1.080340911462246,tr/TCAR_00_004.wav,0.44088317457772336
6081-41998-0043,train-clean-100/6081/41998/6081-41998-0043.flac,1.402073395762231,tr/PSTATION_00_026sp12.wav,0.6960664482964324
254-127705-0006,train-clean-100/254/127705/254-127705-0006.flac,1.648389031538397,tr/PSTATION_00_026.wav,0.3761290387619172
211-122442-0027,train-clean-100/211/122442/211-122442-0027.flac,0.8363342913494497,tr/DKITCHEN_00_031.wav,0.4485842291890923
2007-132570-0039,train-clean-100/2007/132570/2007-132570-0039.flac,1.0627429190711555,tr/NPARK_00_003sp12.wav,0.5124396753789664
2764-36617-0019,train-clean-100/2764/36617/2764-36617-0019.flac,1.0469593368057881,tr/SPSQUARE_00_010sp12.wav,0.559357467841582
374-180299-0005,train-clean-100/374/180299/374-180299-0005.flac,1.403942135945758,tr/TCAR_00_011.wav,0.4616934584295138
3374-298025-0022,train-clean-100/3374/298025/3374-298025-0022.flac,1.8028173364183968,tr/OMEETING_00_007sp12.wav,0.7636125312393172
6925-80680-0053,train-clean-100/6925/80680/6925-80680-0053.flac,0.944361911482284,tr/SPSQUARE_00_033.wav,0.591873094083291
322-124146-0027,train-clean-100/322/124146/322-124146-0027.flac,1.457948585642535,tr/OMEETING_00_004sp12.wav,0.6144742801378082
200-124139-0020,train-clean-100/200/124139/200-124139-0020.flac,1.3197327983677736,tr/PRESTO_00_029sp08.wav,0.4672409362308202
1963-142393-0001,train-clean-100/1963/142393/1963-142393-0001.flac,1.1954485461946074,tr/STRAFFIC_00_023.wav,0.831455784235671
446-123501-0045,train-clean-100/446/123501/446-123501-0045.flac,1.1144235734113084,tr/PRESTO_00_011.wav,0.5350864301804322
730-359-0031,train-clean-100/730/359/730-359-0031.flac,1.1833838813352515,tr/TBUS_00_004sp12.wav,0.6762407385492747
8975-270782-0108,train-clean-100/8975/270782/8975-270782-0108.flac,1.150725562833398,tr/SPSQUARE_00_034sp08.wav,0.3945569445650439
7800-283493-0038,train-clean-100/7800/283493/7800-283493-0038.flac,1.9443565399432425,tr/OOFFICE_00_025sp12.wav,0.8174655120169536
89-219-0059,train-clean-100/89/219/89-219-0059.flac,1.414844971023412,tr/OOFFICE_00_025.wav,0.43842574271980855
1246-124548-0008,train-clean-100/1246/124548/1246-124548-0008.flac,1.407771741805827,tr/OHALLWAY_00_022sp08.wav,0.4286212385196153
163-122947-0014,train-clean-100/163/122947/163-122947-0014.flac,1.1127850130442773,tr/NPARK_00_014sp08.wav,0.7454848101691697
6078-54013-0078,train-clean-100/6078/54013/6078-54013-0078.flac,1.0201889128113804,tr/OOFFICE_00_018.wav,0.3949542614414723
125-121124-0020,train-clean-100/125/121124/125-121124-0020.flac,1.0863375545591711,tr/TMETRO_00_022sp08.wav,0.5346827733530812
83-11691-0018,train-clean-100/83/11691/83-11691-0018.flac,0.8560199236653606,tr/SPSQUARE_00_032sp12.wav,0.35362729385779706
1502-122619-0069,train-clean-100/1502/122619/1502-122619-0069.flac,1.048329008787956,tr/PRESTO_00_006.wav,0.5053565007907418
6078-54007-0030,train-clean-100/6078/54007/6078-54007-0030.flac,1.3954048877866383,tr/SPSQUARE_00_018sp12.wav,0.6574968866481008
5192-19397-0059,train-clean-100/5192/19397/5192-19397-0059.flac,1.2316502237979632,tr/PCAFETER_00_003sp12.wav,0.5258849380531687
8465-246940-0011,train-clean-100/8465/246940/8465-246940-0011.flac,1.7042072155630128,tr/NPARK_00_035sp12.wav,0.7486520356515453
481-123719-0004,train-clean-100/481/123719/481-123719-0004.flac,1.17465406605687,tr/NPARK_00_025sp08.wav,0.7511237387618129
1447-130552-0004,train-clean-100/1447/130552/1447-130552-0004.flac,0.9429171221112977,tr/STRAFFIC_00_013sp08.wav,0.6760469006127056
5514-19192-0039,train-clean-100/5514/19192/5514-19192-0039.flac,1.633765286175475,tr/SPSQUARE_00_012.wav,0.4424122917991144
1355-39947-0046,train-clean-100/1355/39947/1355-39947-0046.flac,1.3729179761778147,tr/NFIELD_00_017sp12.wav,0.5945825230725471
1246-124550-0039,train-clean-100/1246/124550/1246-124550-0039.flac,1.0614787615777908,tr/NPARK_00_003sp08.wav,0.5400454752291896
4014-186175-0007,train-clean-100/4014/186175/4014-186175-0007.flac,0.8968911720524152,tr/DKITCHEN_00_013.wav,0.6053309723659241
1502-122619-0024,train-clean-100/1502/122619/1502-122619-0024.flac,1.8888259558053475,tr/OHALLWAY_00_015sp08.wav,0.7063234551059817
2007-132570-0049,train-clean-100/2007/132570/2007-132570-0049.flac,1.3301394544006617,tr/TBUS_00_010.wav,0.40857243557207323
1116-132851-0010,train-clean-100/1116/132851/1116-132851-0010.flac,1.0407641716140532,tr/PSTATION_00_013.wav,0.6585281706219999
730-360-0039,train-clean-100/730/360/730-360-0039.flac,0.9370992851522806,tr/TMETRO_00_028sp12.wav,0.3934881577008778
911-128684-0087,train-clean-100/911/128684/911-128684-0087.flac,1.1490062009752762,tr/STRAFFIC_00_032sp12.wav,0.7002468910932402
3214-167602-0011,train-clean-100/3214/167602/3214-167602-0011.flac,1.1548350751074048,tr/OMEETING_00_034sp12.wav,0.5857483888271953
7635-105409-0041,train-clean-100/7635/105409/7635-105409-0041.flac,1.0507115897987236,tr/OHALLWAY_00_023sp08.wav,0.6933083940372303
211-122442-0078,train-clean-100/211/122442/211-122442-0078.flac,0.8424994230219203,tr/NRIVER_00_009sp08.wav,0.4200675612409052
3235-28452-0019,train-clean-100/3235/28452/3235-28452-0019.flac,1.129255114544672,tr/OHALLWAY_00_023sp12.wav,0.4612097758532479
5339-14133-0040,train-clean-100/5339/14133/5339-14133-0040.flac,0.819942345142986,tr/SPSQUARE_00_017sp08.wav,0.39929933943795626
1594-135914-0100,train-clean-100/1594/135914/1594-135914-0100.flac,0.8295267748981682,tr/OMEETING_00_002sp08.wav,0.43397892921325854
6925-80680-0007,train-clean-100/6925/80680/6925-80680-0007.flac,0.9593032875978543,tr/TMETRO_00_034sp08.wav,0.5155551171548236
3526-176653-0038,train-clean-100/3526/176653/3526-176653-0038.flac,1.8014442362005862,tr/DLIVING_00_029sp08.wav,0.7302771065226128
5514-19192-0013,train-clean-100/5514/19192/5514-19192-0013.flac,1.558752349878266,tr/TMETRO_00_005.wav,0.4403804522612439
3526-175658-0015,train-clean-100/3526/175658/3526-175658-0015.flac,1.717599767642405,tr/DLIVING_00_001.wav,0.6170450994601756
374-180298-0046,train-clean-100/374/180298/374-180298-0046.flac,1.385510391680779,tr/SPSQUARE_00_003sp12.wav,0.5775823909879811
4406-16882-0036,train-clean-100/4406/16882/4406-16882-0036.flac,1.0640780188793302,tr/PCAFETER_00_025.wav,0.4876466377140844
5652-39938-0054,train-clean-100/5652/39938/5652-39938-0054.flac,0.8880068056200857,tr/PSTATION_00_008sp08.wav,0.8007375303733762
7264-92310-0008,train-clean-100/7264/92310/7264-92310-0008.flac,1.531085012714671,tr/OMEETING_00_023sp12.wav,0.7828968303348158
6209-34599-0028,train-clean-100/6209/34599/6209-34599-0028.flac,1.2382480811828585,tr/TCAR_00_030.wav,0.5456955008587101
2952-410-0050,train-clean-100/2952/410/2952-410-0050.flac,1.6940574791215017,tr/DLIVING_00_012sp08.wav,0.46746413434987355
211-122442-0077,train-clean-100/211/122442/211-122442-0077.flac,0.9127261526984178,tr/SPSQUARE_00_027sp08.wav,0.7581330664390229
328-129766-0044,train-clean-100/328/129766/328-129766-0044.flac,0.9969813542687255,tr/SPSQUARE_00_009.wav,0.678470821994972
1447-130550-0022,train-clean-100/1447/130550/1447-130550-0022.flac,0.925912400328659,tr/NRIVER_00_028.wav,0.5571583777112004
1594-135914-0040,train-clean-100/1594/135914/1594-135914-0040.flac,1.8101462013146936,tr/NRIVER_00_007sp08.wav,0.3647028795382932
3374-298026-0046,train-clean-100/3374/298026/3374-298026-0046.flac,1.578891624048448,tr/PCAFETER_00_016.wav,0.386786849818546
5322-7678-0009,train-clean-100/5322/7678/5322-7678-0009.flac,1.2486717357111237,tr/OOFFICE_00_020sp08.wav,0.5227168744217578
1363-135842-0011,train-clean-100/1363/135842/1363-135842-0011.flac,0.961981715234065,tr/OOFFICE_00_018sp12.wav,0.6570480818072991
8088-284756-0080,train-clean-100/8088/284756/8088-284756-0080.flac,1.8018365128390943,tr/DKITCHEN_00_022.wav,0.4108277013936945
198-209-0038,train-clean-100/198/209/198-209-0038.flac,1.240092849787928,tr/OHALLWAY_00_024.wav,0.40068178092589485
1578-140045-0020,train-clean-100/1578/140045/1578-140045-0020.flac,0.9525843879410122,tr/SPSQUARE_00_009sp12.wav,0.5353660662496451
1455-138263-0033,train-clean-100/1455/138263/1455-138263-0033.flac,1.0975047136664977,tr/SPSQUARE_00_032.wav,0.44891359500551686
5456-62014-0010,train-clean-100/5456/62014/5456-62014-0010.flac,1.209684287361051,tr/NRIVER_00_028sp12.wav,0.702849381897562
2989-138028-0051,train-clean-100/2989/138028/2989-138028-0051.flac,0.9571812012747043,tr/DKITCHEN_00_019sp08.wav,0.834980257390475
3486-166424-0027,train-clean-100/3486/166424/3486-166424-0027.flac,0.9272213672449252,tr/NPARK_00_036sp12.wav,0.4810208805838528
6531-61334-0002,train-clean-100/6531/61334/6531-61334-0002.flac,1.007362614786898,tr/PCAFETER_00_021sp12.wav,0.6161697573431089
6147-34607-0036,train-clean-100/6147/34607/6147-34607-0036.flac,1.4848212129810292,tr/STRAFFIC_00_003sp08.wav,0.3840216960334725
6531-61334-0108,train-clean-100/6531/61334/6531-61334-0108.flac,1.4391233057000368,tr/OOFFICE_00_023sp12.wav,0.45543874377947385
6078-54013-0069,train-clean-100/6078/54013/6078-54013-0069.flac,1.706268486733959,tr/TCAR_00_008sp08.wav,0.5103081610219018
831-130746-0021,train-clean-100/831/130746/831-130746-0021.flac,1.1243361609288183,tr/OMEETING_00_029sp08.wav,0.6412408542278902
1502-122615-0031,train-clean-100/1502/122615/1502-122615-0031.flac,1.1788734700084067,tr/PSTATION_00_012.wav,0.4186139580450956
2764-36619-0026,train-clean-100/2764/36619/2764-36619-0026.flac,1.0404429957275847,tr/OMEETING_00_008.wav,0.4999388136737162
8063-274116-0022,train-clean-100/8063/274116/8063-274116-0022.flac,1.4934131656874483,tr/STRAFFIC_00_019sp08.wav,0.40564302781947614
3242-67168-0012,train-clean-100/3242/67168/3242-67168-0012.flac,1.4798099176800863,tr/PCAFETER_00_009.wav,0.3866361134065653
3374-298025-0003,train-clean-100/3374/298025/3374-298025-0003.flac,1.2529170138693204,tr/OHALLWAY_00_015sp12.wav,0.4178161853223546
2989-138028-0022,train-clean-100/2989/138028/2989-138028-0022.flac,1.2713510475736456,tr/STRAFFIC_00_034sp08.wav,0.7776729956252092
3879-174923-0057,train-clean-100/3879/174923/3879-174923-0057.flac,0.8288455083225712,tr/TBUS_00_025sp12.wav,0.6395749212190834
481-123720-0083,train-clean-100/481/123720/481-123720-0083.flac,1.5041631347835118,tr/DKITCHEN_00_022sp08.wav,0.7581119498366856
26-495-0018,train-clean-100/26/495/26-495-0018.flac,1.1365437186741643,tr/DLIVING_00_019sp08.wav,0.41502055422121875
4014-186175-0026,train-clean-100/4014/186175/4014-186175-0026.flac,1.1197374727323726,tr/TMETRO_00_035.wav,0.5839173139213787
4014-186175-0036,train-clean-100/4014/186175/4014-186175-0036.flac,1.109975979736525,tr/OHALLWAY_00_023.wav,0.569474697112644
4137-11701-0020,train-clean-100/4137/11701/4137-11701-0020.flac,1.1756934106295944,tr/OHALLWAY_00_005.wav,0.3511685921473174
2416-152139-0022,train-clean-100/2416/152139/2416-152139-0022.flac,1.0180797323000301,tr/DKITCHEN_00_005sp12.wav,0.4014047889885117
8063-274115-0033,train-clean-100/8063/274115/8063-274115-0033.flac,1.0616399775890326,tr/TCAR_00_016sp12.wav,0.572606270605474
8747-293952-0032,train-clean-100/8747/293952/8747-293952-0032.flac,0.891574710292607,tr/PCAFETER_00_025sp08.wav,0.8318236108406137
83-3054-0000,train-clean-100/83/3054/83-3054-0000.flac,1.030341496023233,tr/PSTATION_00_004.wav,0.5546325809890835
118-121721-0022,train-clean-100/118/121721/118-121721-0022.flac,1.1682169499043573,tr/DWASHING_00_036.wav,0.5736373908145669
8629-261140-0018,train-clean-100/8629/261140/8629-261140-0018.flac,0.8056833409817844,tr/TBUS_00_005.wav,0.39203584886381215
1246-124548-0041,train-clean-100/1246/124548/1246-124548-0041.flac,1.2018030409030658,tr/STRAFFIC_00_031.wav,0.39911492104684526
6000-86686-0017,train-clean-100/6000/86686/6000-86686-0017.flac,1.1762174870905895,tr/DWASHING_00_023sp08.wav,0.3752775825856695
5456-24741-0021,train-clean-100/5456/24741/5456-24741-0021.flac,1.0118071731221923,tr/OOFFICE_00_005sp08.wav,0.5885903821822104
27-124992-0020,train-clean-100/27/124992/27-124992-0020.flac,1.320499446249101,tr/OMEETING_00_033sp08.wav,0.6260600383307552
2289-152253-0011,train-clean-100/2289/152253/2289-152253-0011.flac,0.9337887958621318,tr/OMEETING_00_024sp08.wav,0.3996881919767419
4680-16041-0004,train-clean-100/4680/16041/4680-16041-0004.flac,1.4323646167661321,tr/DWASHING_00_001sp12.wav,0.4369030892265642
8226-274369-0020,train-clean-100/8226/274369/8226-274369-0020.flac,0.9438494714760696,tr/NPARK_00_031sp08.wav,0.645760335135702
1867-148436-0036,train-clean-100/1867/148436/1867-148436-0036.flac,0.7918105591098787,tr/NRIVER_00_026sp08.wav,0.34901426865890167
1926-147987-0006,train-clean-100/1926/147987/1926-147987-0006.flac,1.2304366921597993,tr/TCAR_00_004sp12.wav,0.4619598841778564
4898-28461-0058,train-clean-100/4898/28461/4898-28461-0058.flac,1.0084874415282215,tr/TCAR_00_018sp12.wav,0.4025401935259062
5049-25947-0072,train-clean-100/5049/25947/5049-25947-0072.flac,1.4586867665694812,tr/SPSQUARE_00_013sp12.wav,0.3936287636979131
5750-35690-0002,train-clean-100/5750/35690/5750-35690-0002.flac,1.6203461560439167,tr/TMETRO_00_014sp12.wav,0.7198602157271009
8324-286681-0019,train-clean-100/8324/286681/8324-286681-0019.flac,1.2630103447057404,tr/DLIVING_00_010.wav,0.4803735757759034
2836-5354-0050,train-clean-100/2836/5354/2836-5354-0050.flac,1.1998954789406202,tr/TCAR_00_028.wav,0.5560425945741899
4051-11217-0012,train-clean-100/4051/11217/4051-11217-0012.flac,1.6196308699122461,tr/OOFFICE_00_013.wav,0.7986697575268877
5192-19397-0052,train-clean-100/5192/19397/5192-19397-0052.flac,1.3351048693750258,tr/NPARK_00_001sp08.wav,0.7781146630683616
5192-19397-0000,train-clean-100/5192/19397/5192-19397-0000.flac,0.7631964046000161,tr/DLIVING_00_019sp12.wav,0.4763035785184069
6078-54013-0000,train-clean-100/6078/54013/6078-54013-0000.flac,1.1838706970511808,tr/TBUS_00_006sp08.wav,0.8343694870601202
4051-10927-0022,train-clean-100/4051/10927/4051-10927-0022.flac,1.874602381894156,tr/OHALLWAY_00_009sp08.wav,0.5673980399398377
6880-216547-0014,train-clean-100/6880/216547/6880-216547-0014.flac,1.47589117248946,tr/SPSQUARE_00_036sp12.wav,0.5765316349377115
2952-407-0016,train-clean-100/2952/407/2952-407-0016.flac,1.6067205048456998,tr/OOFFICE_00_011sp12.wav,0.35982864287474553
298-126790-0034,train-clean-100/298/126790/298-126790-0034.flac,1.3208855920113352,tr/PCAFETER_00_028.wav,0.5822758564222442
7264-92310-0027,train-clean-100/7264/92310/7264-92310-0027.flac,1.8763830625410283,tr/STRAFFIC_00_028sp12.wav,0.4278995689674987
4640-19188-0036,train-clean-100/4640/19188/4640-19188-0036.flac,0.7824532963514838,tr/DLIVING_00_005.wav,0.6161305957189448
1578-6379-0012,train-clean-100/1578/6379/1578-6379-0012.flac,0.8621832547080748,tr/NFIELD_00_036.wav,0.40480243226912893
8312-279791-0028,train-clean-100/8312/279791/8312-279791-0028.flac,1.0055213935549046,tr/TCAR_00_028sp12.wav,0.8223038724269991
1447-130551-0003,train-clean-100/1447/130551/1447-130551-0003.flac,0.7637344754734495,tr/OMEETING_00_023.wav,0.5926504186248193
5778-12761-0032,train-clean-100/5778/12761/5778-12761-0032.flac,1.6456255264693052,tr/NFIELD_00_017.wav,0.6986856914210983
6925-80680-0077,train-clean-100/6925/80680/6925-80680-0077.flac,1.730216368000658,tr/NFIELD_00_002sp12.wav,0.7088982461585839
211-122425-0072,train-clean-100/211/122425/211-122425-0072.flac,1.226168810890167,tr/NRIVER_00_027sp08.wav,0.6244161842502544
445-123857-0004,train-clean-100/445/123857/445-123857-0004.flac,1.8084531539352278,tr/NRIVER_00_013sp08.wav,0.34817666416702975
78-368-0053,train-clean-100/78/368/78-368-0053.flac,0.7952817244749989,tr/STRAFFIC_00_004sp08.wav,0.7218875764397678
3486-166424-0051,train-clean-100/3486/166424/3486-166424-0051.flac,1.0164679121542708,tr/PRESTO_00_031sp12.wav,0.35532567224895917
3374-298026-0004,train-clean-100/3374/298026/3374-298026-0004.flac,1.1814091612740842,tr/PCAFETER_00_033sp08.wav,0.4789504929896132
60-121082-0049,train-clean-100/60/121082/60-121082-0049.flac,0.9647598643651156,tr/OOFFICE_00_009.wav,0.43900840060056284
27-124992-0014,train-clean-100/27/124992/27-124992-0014.flac,0.9567750404057883,tr/TMETRO_00_014.wav,0.41062433363026074
1334-135589-0008,train-clean-100/1334/135589/1334-135589-0008.flac,1.5463448266010107,tr/NFIELD_00_008sp08.wav,0.3472964831831813
5022-29405-0020,train-clean-100/5022/29405/5022-29405-0020.flac,0.8606813070884098,tr/STRAFFIC_00_001.wav,0.7059864861270307
6064-56165-0017,train-clean-100/6064/56165/6064-56165-0017.flac,1.3951919738878584,tr/NFIELD_00_010.wav,0.5297202275806203
2289-152254-0014,train-clean-100/2289/152254/2289-152254-0014.flac,1.0833433231315792,tr/OMEETING_00_033.wav,0.6030524113878659
405-130894-0053,train-clean-100/405/130894/405-130894-0053.flac,0.99435055470017,tr/DKITCHEN_00_014sp12.wav,0.5938283807761764
5339-14134-0051,train-clean-100/5339/14134/5339-14134-0051.flac,1.7321527209124994,tr/OOFFICE_00_011.wav,0.619752114299559
5322-7679-0035,train-clean-100/5322/7679/5322-7679-0035.flac,1.5398092778246446,tr/NPARK_00_024sp12.wav,0.37512380750081487
2136-5143-0016,train-clean-100/2136/5143/2136-5143-0016.flac,1.1903616603774527,tr/OHALLWAY_00_007sp12.wav,0.7370342276814621
1926-147979-0019,train-clean-100/1926/147979/1926-147979-0019.flac,1.4656541819325177,tr/STRAFFIC_00_011.wav,0.5119310102469803
6925-80680-0058,train-clean-100/6925/80680/6925-80680-0058.flac,1.1702956334634702,tr/TMETRO_00_015sp12.wav,0.5246188103632355
1081-125237-0019,train-clean-100/1081/125237/1081-125237-0019.flac,1.7993578465348008,tr/OOFFICE_00_019sp08.wav,0.5891040298737338
1447-130551-0023,train-clean-100/1447/130551/1447-130551-0023.flac,1.1059917915774875,tr/PCAFETER_00_016sp08.wav,0.8330612870190768
3240-131231-0055,train-clean-100/3240/131231/3240-131231-0055.flac,1.6164360874198422,tr/PRESTO_00_027sp08.wav,0.6210489601484853
2989-138028-0043,train-clean-100/2989/138028/2989-138028-0043.flac,1.2971883737464784,tr/NPARK_00_007sp08.wav,0.7173226322346639
5688-41232-0037,train-clean-100/5688/41232/5688-41232-0037.flac,0.9629160550005199,tr/NFIELD_00_025.wav,0.5024088247273323
5808-54425-0055,train-clean-100/5808/54425/5808-54425-0055.flac,0.7789716733195943,tr/OHALLWAY_00_031sp08.wav,0.7011119862420464
3242-8112-0027,train-clean-100/3242/8112/3242-8112-0027.flac,1.2849656553873468,tr/OHALLWAY_00_005sp12.wav,0.4781283933349717
7800-283478-0005,train-clean-100/7800/283478/7800-283478-0005.flac,0.9408273000021475,tr/STRAFFIC_00_029sp12.wav,0.4281165106218351
1553-140048-0035,train-clean-100/1553/140048/1553-140048-0035.flac,1.1928550949059722,tr/TCAR_00_009sp08.wav,0.41674547949207486
32-4137-0030,train-clean-100/32/4137/32-4137-0030.flac,0.7966372851436141,tr/NPARK_00_000sp12.wav,0.528706860575943
2289-152258-0015,train-clean-100/2289/152258/2289-152258-0015.flac,1.008975623192931,tr/STRAFFIC_00_034sp12.wav,0.6354992081623559
4406-16883-0057,train-clean-100/4406/16883/4406-16883-0057.flac,0.9066404888663999,tr/PSTATION_00_036sp12.wav,0.5005790230470863
3830-12530-0033,train-clean-100/3830/12530/3830-12530-0033.flac,1.5957284213191423,tr/PRESTO_00_001sp12.wav,0.5429859845620046
730-358-0044,train-clean-100/730/358/730-358-0044.flac,0.8889860211648565,tr/NFIELD_00_036sp12.wav,0.5097176073650818
8014-112586-0015,train-clean-100/8014/112586/8014-112586-0015.flac,1.6667660291189226,tr/TCAR_00_029sp08.wav,0.5986476017278507
7312-92432-0009,train-clean-100/7312/92432/7312-92432-0009.flac,1.868842224731029,tr/OHALLWAY_00_024sp08.wav,0.5111320025845014
83-9960-0019,train-clean-100/83/9960/83-9960-0019.flac,1.7889232392210859,tr/PCAFETER_00_002sp12.wav,0.37096901988945935
5339-14134-0045,train-clean-100/5339/14134/5339-14134-0045.flac,1.5372074823391346,tr/NRIVER_00_012sp12.wav,0.7292652354464715
1235-135883-0024,train-clean-100/1235/135883/1235-135883-0024.flac,1.077981310749335,tr/PSTATION_00_034sp12.wav,0.3692243072014256
730-359-0028,train-clean-100/730/359/730-359-0028.flac,1.1148233695747927,tr/STRAFFIC_00_021sp12.wav,0.6260051514720529
3374-298025-0018,train-clean-100/3374/298025/3374-298025-0018.flac,0.972978253749568,tr/NFIELD_00_018.wav,0.44604213563478995
2911-15084-0002,train-clean-100/2911/15084/2911-15084-0002.flac,1.4429849190775406,tr/DWASHING_00_036sp08.wav,0.4322433965348403
2391-145015-0107,train-clean-100/2391/145015/2391-145015-0107.flac,1.84416865653195,tr/PSTATION_00_033sp08.wav,0.47511584759346753
5514-19192-0042,train-clean-100/5514/19192/5514-19192-0042.flac,1.6981031740231065,tr/PRESTO_00_005sp08.wav,0.7189456305026793
8797-294123-0000,train-clean-100/8797/294123/8797-294123-0000.flac,0.9553393220805912,tr/OOFFICE_00_021sp08.wav,0.7029419659452438
1867-154071-0044,train-clean-100/1867/154071/1867-154071-0044.flac,0.9723654914548144,tr/NRIVER_00_007sp12.wav,0.5464055498681212
289-121652-0038,train-clean-100/289/121652/289-121652-0038.flac,1.1541832587598568,tr/DLIVING_00_033sp08.wav,0.722653092759966
3240-131231-0007,train-clean-100/3240/131231/3240-131231-0007.flac,1.5963068977951507,tr/TBUS_00_018.wav,0.35308032260681693
1898-145720-0000,train-clean-100/1898/145720/1898-145720-0000.flac,0.9267712638469683,tr/OOFFICE_00_021.wav,0.6138924524012284
1594-135914-0104,train-clean-100/1594/135914/1594-135914-0104.flac,1.454826276362781,tr/STRAFFIC_00_014sp08.wav,0.43688455617956107
89-219-0055,train-clean-100/89/219/89-219-0055.flac,1.139662480972759,tr/DWASHING_00_011.wav,0.7686825456338648
6078-54013-0059,train-clean-100/6078/54013/6078-54013-0059.flac,0.8229623669137198,tr/DLIVING_00_031sp08.wav,0.4199108072151982
6531-61334-0088,train-clean-100/6531/61334/6531-61334-0088.flac,0.9092707630137968,tr/TMETRO_00_015.wav,0.46471494623773774
6272-70168-0016,train-clean-100/6272/70168/6272-70168-0016.flac,0.7605522679106792,tr/PCAFETER_00_017sp08.wav,0.6355765634927123
2989-138028-0045,train-clean-100/2989/138028/2989-138028-0045.flac,1.0048582533105148,tr/NFIELD_00_033sp12.wav,0.7138999594551063
1034-121119-0038,train-clean-100/1034/121119/1034-121119-0038.flac,1.711629184157957,tr/OMEETING_00_019.wav,0.6998237653355445
4051-11218-0039,train-clean-100/4051/11218/4051-11218-0039.flac,1.4717797274755904,tr/DWASHING_00_018.wav,0.3542929594749415
125-121342-0025,train-clean-100/125/121342/125-121342-0025.flac,1.057085841360286,tr/DWASHING_00_026sp12.wav,0.7611473811257219
8014-112602-0041,train-clean-100/8014/112602/8014-112602-0041.flac,0.9411330243928535,tr/SPSQUARE_00_007sp12.wav,0.4806220944879351
248-130697-0033,train-clean-100/248/130697/248-130697-0033.flac,0.9678886105325888,tr/DWASHING_00_010sp08.wav,0.5266622504636016
5652-19215-0019,train-clean-100/5652/19215/5652-19215-0019.flac,1.4530153705335083,tr/SPSQUARE_00_011sp12.wav,0.8075668034435768
5104-33406-0008,train-clean-100/5104/33406/5104-33406-0008.flac,0.8718391106198743,tr/DLIVING_00_015sp12.wav,0.7029572184530363
198-209-0013,train-clean-100/198/209/198-209-0013.flac,1.0104802187582156,tr/DLIVING_00_031.wav,0.707975812171872
2989-138028-0030,train-clean-100/2989/138028/2989-138028-0030.flac,1.1779952630257917,tr/NRIVER_00_012sp08.wav,0.6438568708126238
8238-274553-0055,train-clean-100/8238/274553/8238-274553-0055.flac,1.5116814336116804,tr/DKITCHEN_00_026sp08.wav,0.767442328875584
3374-298032-0017,train-clean-100/3374/298032/3374-298032-0017.flac,1.3682569691267026,tr/TBUS_00_020.wav,0.6804200910843851
6531-61334-0085,train-clean-100/6531/61334/6531-61334-0085.flac,1.8215890651966116,tr/OHALLWAY_00_014sp12.wav,0.5654817315949046
8063-274112-0028,train-clean-100/8063/274112/8063-274112-0028.flac,1.0968078742352554,tr/DLIVING_00_000sp12.wav,0.5181368018151216
211-122442-0052,train-clean-100/211/122442/211-122442-0052.flac,0.8783895755336941,tr/STRAFFIC_00_022sp12.wav,0.6639827352210309
8063-274115-0025,train-clean-100/8063/274115/8063-274115-0025.flac,0.8956723176029687,tr/TBUS_00_012sp12.wav,0.4660082722856681
1455-138263-0023,train-clean-100/1455/138263/1455-138263-0023.flac,1.7467450848997583,tr/OHALLWAY_00_004.wav,0.6109817468642107
4014-186175-0029,train-clean-100/4014/186175/4014-186175-0029.flac,1.5440026862484657,tr/DKITCHEN_00_028sp12.wav,0.5809769038480067
1926-143879-0004,train-clean-100/1926/143879/1926-143879-0004.flac,1.6943267889480267,tr/DKITCHEN_00_002.wav,0.5276965361955684
1081-125237-0064,train-clean-100/1081/125237/1081-125237-0064.flac,0.8871607117196307,tr/PSTATION_00_020.wav,0.5328039038118718
5688-15787-0042,train-clean-100/5688/15787/5688-15787-0042.flac,0.8822857555281576,tr/STRAFFIC_00_013.wav,0.6266019797011354
5393-19218-0029,train-clean-100/5393/19218/5393-19218-0029.flac,1.203222431467608,tr/TCAR_00_035.wav,0.4512552869634434
6081-42010-0005,train-clean-100/6081/42010/6081-42010-0005.flac,1.3535276629246433,tr/NRIVER_00_008sp08.wav,0.5320633304279212
3168-173565-0036,train-clean-100/3168/173565/3168-173565-0036.flac,1.271486244180267,tr/PRESTO_00_013sp12.wav,0.4564425110158945
4441-76250-0006,train-clean-100/4441/76250/4441-76250-0006.flac,1.3187081671944088,tr/OOFFICE_00_007.wav,0.5883629140475073
4018-103416-0015,train-clean-100/4018/103416/4018-103416-0015.flac,1.847497276877259,tr/DKITCHEN_00_023sp12.wav,0.745051608066678
3214-167602-0024,train-clean-100/3214/167602/3214-167602-0024.flac,0.8655877769790359,tr/DLIVING_00_005sp12.wav,0.3442675327415254
5688-15787-0028,train-clean-100/5688/15787/5688-15787-0028.flac,0.8799507818767391,tr/PSTATION_00_015sp12.wav,0.6164017845927071
1098-133695-0056,train-clean-100/1098/133695/1098-133695-0056.flac,0.8265710625443163,tr/NRIVER_00_010sp08.wav,0.5093014501810961
4640-19187-0033,train-clean-100/4640/19187/4640-19187-0033.flac,1.3392206496507957,tr/OMEETING_00_035sp08.wav,0.6744936772362622
5561-41615-0000,train-clean-100/5561/41615/5561-41615-0000.flac,1.9004662085752224,tr/SPSQUARE_00_011sp08.wav,0.7704976801468807
5808-54425-0044,train-clean-100/5808/54425/5808-54425-0044.flac,1.3300521447513716,tr/NPARK_00_003.wav,0.7608498502680877
4640-19189-0004,train-clean-100/4640/19189/4640-19189-0004.flac,1.1407705340847472,tr/PRESTO_00_026sp12.wav,0.7063931962455917
1363-135842-0012,train-clean-100/1363/135842/1363-135842-0012.flac,1.3358628174475218,tr/PRESTO_00_014sp12.wav,0.593489892196419
1737-142396-0014,train-clean-100/1737/142396/1737-142396-0014.flac,1.7038643804150229,tr/DLIVING_00_008sp08.wav,0.6636478262459283
441-128982-0028,train-clean-100/441/128982/441-128982-0028.flac,1.5251557803687414,tr/OMEETING_00_007sp08.wav,0.4990781621649873
5022-29405-0004,train-clean-100/5022/29405/5022-29405-0004.flac,1.0738353500269295,tr/TBUS_00_024.wav,0.5151964681863758
446-123501-0025,train-clean-100/446/123501/446-123501-0025.flac,1.1381509759470363,tr/TCAR_00_000sp12.wav,0.632571375515748
27-124992-0025,train-clean-100/27/124992/27-124992-0025.flac,0.7870017958187733,tr/STRAFFIC_00_023sp08.wav,0.36910595872753044
83-11691-0020,train-clean-100/83/11691/83-11691-0020.flac,0.8762382237829415,tr/DWASHING_00_016.wav,0.656987469330108
1594-135914-0051,train-clean-100/1594/135914/1594-135914-0051.flac,1.3593333017489997,tr/NPARK_00_006sp12.wav,0.6783593040409495
4680-16026-0003,train-clean-100/4680/16026/4680-16026-0003.flac,1.6241925527902066,tr/PSTATION_00_012sp12.wav,0.5742811346369173
5808-54425-0049,train-clean-100/5808/54425/5808-54425-0049.flac,1.3321755680000018,tr/DKITCHEN_00_019.wav,0.5214314396247304
8465-246942-0014,train-clean-100/8465/246942/8465-246942-0014.flac,1.326677789865452,tr/TCAR_00_033sp08.wav,0.43986711112216986
730-360-0020,train-clean-100/730/360/730-360-0020.flac,1.866524028281112,tr/DWASHING_00_002sp12.wav,0.4497747455700336
8425-287387-0031,train-clean-100/8425/287387/8425-287387-0031.flac,1.2764024048699962,tr/OMEETING_00_002.wav,0.7795058547191885
4014-186179-0004,train-clean-100/4014/186179/4014-186179-0004.flac,1.366558038824897,tr/DWASHING_00_009sp12.wav,0.5794272572845007
4441-76263-0042,train-clean-100/4441/76263/4441-76263-0042.flac,1.6381904042060793,tr/PCAFETER_00_010sp12.wav,0.4119429981536235
1502-122619-0066,train-clean-100/1502/122619/1502-122619-0066.flac,1.5488561849004614,tr/TMETRO_00_002.wav,0.4716662989647753
5339-14134-0068,train-clean-100/5339/14134/5339-14134-0068.flac,0.9798348964803046,tr/PRESTO_00_002sp08.wav,0.6996300636576127
27-124992-0049,train-clean-100/27/124992/27-124992-0049.flac,1.4620968417359186,tr/STRAFFIC_00_033sp12.wav,0.4035105539441638
4014-186176-0011,train-clean-100/4014/186176/4014-186176-0011.flac,1.1309744972163276,tr/OHALLWAY_00_020sp08.wav,0.414722012042876
2514-149482-0072,train-clean-100/2514/149482/2514-149482-0072.flac,1.790282658569374,tr/OOFFICE_00_034.wav,0.3635197076201081
2989-138035-0060,train-clean-100/2989/138035/2989-138035-0060.flac,0.8308021327024656,tr/PRESTO_00_016sp12.wav,0.5386091799545308
4406-16883-0011,train-clean-100/4406/16883/4406-16883-0011.flac,0.7967947732039982,tr/TCAR_00_032sp08.wav,0.6909765803088841
302-123516-0024,train-clean-100/302/123516/302-123516-0024.flac,0.848907454184033,tr/PSTATION_00_002sp08.wav,0.5875914785004663
307-127535-0035,train-clean-100/307/127535/307-127535-0035.flac,0.8464178401088699,tr/TBUS_00_010sp12.wav,0.5228734226776083
6531-61334-0080,train-clean-100/6531/61334/6531-61334-0080.flac,0.7987700902581246,tr/NPARK_00_034sp12.wav,0.8080029915677864
730-359-0004,train-clean-100/730/359/730-359-0004.flac,0.9897385388228408,tr/STRAFFIC_00_026sp12.wav,0.7477442715242739
8465-246940-0012,train-clean-100/8465/246940/8465-246940-0012.flac,1.0598527654150443,tr/TCAR_00_021.wav,0.43411165953719455
8468-294887-0026,train-clean-100/8468/294887/8468-294887-0026.flac,1.2117159744371748,tr/OOFFICE_00_017.wav,0.8219866945388961
7402-59171-0033,train-clean-100/7402/59171/7402-59171-0033.flac,0.8767857574120412,tr/NRIVER_00_010.wav,0.6112558510215008
4830-25904-0019,train-clean-100/4830/25904/4830-25904-0019.flac,0.950732980597978,tr/NRIVER_00_028sp08.wav,0.4905013256320899
27-124992-0063,train-clean-100/27/124992/27-124992-0063.flac,1.2296882639061395,tr/TMETRO_00_028sp08.wav,0.49424932815732786
4406-16882-0052,train-clean-100/4406/16882/4406-16882-0052.flac,1.7331630856241325,tr/TMETRO_00_010.wav,0.39180407150739
3982-178459-0036,train-clean-100/3982/178459/3982-178459-0036.flac,0.9170827533802978,tr/OHALLWAY_00_027.wav,0.8278766968193446
3436-172171-0027,train-clean-100/3436/172171/3436-172171-0027.flac,1.4066541468605243,tr/TCAR_00_022.wav,0.7553663210469541
6081-42010-0017,train-clean-100/6081/42010/6081-42010-0017.flac,1.7401402734445086,tr/OOFFICE_00_007sp12.wav,0.44213841801884374
201-122255-0000,train-clean-100/201/122255/201-122255-0000.flac,1.3062941225628282,tr/STRAFFIC_00_003.wav,0.4563915390511801
2764-36619-0018,train-clean-100/2764/36619/2764-36619-0018.flac,0.9554031356488002,tr/TMETRO_00_017sp12.wav,0.4355082642387773
211-122442-0014,train-clean-100/211/122442/211-122442-0014.flac,0.9384488162518126,tr/DWASHING_00_028sp08.wav,0.45785071060908283
5867-48852-0021,train-clean-100/5867/48852/5867-48852-0021.flac,0.9439394010479757,tr/NFIELD_00_021sp08.wav,0.5109355351400446
3486-166446-0001,train-clean-100/3486/166446/3486-166446-0001.flac,1.04929163405522,tr/STRAFFIC_00_022.wav,0.3602728314828452
1183-133255-0002,train-clean-100/1183/133255/1183-133255-0002.flac,1.2981529428108238,tr/TMETRO_00_023sp08.wav,0.41028347686109296
1867-148436-0035,train-clean-100/1867/148436/1867-148436-0035.flac,1.8426483383903054,tr/DWASHING_00_003sp08.wav,0.4599015956616876
6078-54013-0053,train-clean-100/6078/54013/6078-54013-0053.flac,1.049862808522828,tr/PCAFETER_00_032sp12.wav,0.6528229879522772
6272-70191-0013,train-clean-100/6272/70191/6272-70191-0013.flac,1.1075969632692204,tr/OOFFICE_00_030sp08.wav,0.4195415181571457
5456-24741-0005,train-clean-100/5456/24741/5456-24741-0005.flac,1.1013931061653286,tr/STRAFFIC_00_026.wav,0.6091439719640604
2893-139322-0020,train-clean-100/2893/139322/2893-139322-0020.flac,1.7720209720918358,tr/STRAFFIC_00_018sp08.wav,0.7890480092418234
2843-152918-0045,train-clean-100/2843/152918/2843-152918-0045.flac,1.4837264409134392,tr/PRESTO_00_008sp12.wav,0.8345576697229943
5339-14134-0026,train-clean-100/5339/14134/5339-14134-0026.flac,1.2372202503720573,tr/NFIELD_00_025sp12.wav,0.7021417263683803
3259-158083-0037,train-clean-100/3259/158083/3259-158083-0037.flac,1.1518293219963567,tr/PRESTO_00_034sp08.wav,0.7817065159441816
5561-39621-0010,train-clean-100/5561/39621/5561-39621-0010.flac,1.2957781250822593,tr/TCAR_00_017sp12.wav,0.4842684295172112
6880-216547-0115,train-clean-100/6880/216547/6880-216547-0115.flac,0.7585114354175407,tr/PRESTO_00_013sp08.wav,0.7158536065558979
19-198-0037,train-clean-100/19/198/19-198-0037.flac,1.2767074294609784,tr/TMETRO_00_001sp08.wav,0.4450722063294909
8063-274115-0018,train-clean-100/8063/274115/8063-274115-0018.flac,1.326786135995869,tr/NFIELD_00_032sp12.wav,0.48653530553218755
2764-36617-0024,train-clean-100/2764/36617/2764-36617-0024.flac,1.484343894355364,tr/NRIVER_00_019.wav,0.7867702852363772
1088-134315-0046,train-clean-100/1088/134315/1088-134315-0046.flac,1.2773984265453866,tr/DLIVING_00_018.wav,0.7014883423688484
5514-19192-0043,train-clean-100/5514/19192/5514-19192-0043.flac,1.775705327215054,tr/DKITCHEN_00_024sp12.wav,0.743313545123219
2159-179154-0018,train-clean-100/2159/179154/2159-179154-0018.flac,0.9576935843370193,tr/PRESTO_00_029.wav,0.4747794350340616
3436-172162-0052,train-clean-100/3436/172162/3436-172162-0052.flac,0.9571154127477459,tr/PRESTO_00_010sp12.wav,0.6875657282923503
7178-34644-0027,train-clean-100/7178/34644/7178-34644-0027.flac,0.8872756508076045,tr/TBUS_00_025sp08.wav,0.6592105220011039
4195-17507-0043,train-clean-100/4195/17507/4195-17507-0043.flac,1.0951379083172297,tr/OMEETING_00_005sp12.wav,0.7467522239732794
3242-8112-0009,train-clean-100/3242/8112/3242-8112-0009.flac,1.0392322940327343,tr/SPSQUARE_00_002.wav,0.4178421908666645
118-47824-0086,train-clean-100/118/47824/118-47824-0086.flac,1.6258927680017494,tr/OOFFICE_00_016sp12.wav,0.4209136599020255
1116-132851-0018,train-clean-100/1116/132851/1116-132851-0018.flac,1.6510040889277222,tr/OHALLWAY_00_008.wav,0.4726586906625978
198-126831-0039,train-clean-100/198/126831/198-126831-0039.flac,1.0205999109533788,tr/OHALLWAY_00_018sp08.wav,0.36423591740866607
211-122442-0031,train-clean-100/211/122442/211-122442-0031.flac,1.630774521140121,tr/NRIVER_00_014sp08.wav,0.6319710083327924
125-121124-0086,train-clean-100/125/121124/125-121124-0086.flac,1.5911341630367697,tr/SPSQUARE_00_027sp12.wav,0.46623036997249007
460-172359-0055,train-clean-100/460/172359/460-172359-0055.flac,1.5989978915996403,tr/PSTATION_00_009sp08.wav,0.8147375688030006
7635-105661-0014,train-clean-100/7635/105661/7635-105661-0014.flac,1.458466592921371,tr/SPSQUARE_00_016sp08.wav,0.7031555844770239
118-121721-0000,train-clean-100/118/121721/118-121721-0000.flac,1.0668992871131715,tr/OMEETING_00_021sp08.wav,0.844182253810508
6476-57446-0070,train-clean-100/6476/57446/6476-57446-0070.flac,1.5463587261030425,tr/NPARK_00_033sp12.wav,0.5652883075287752
26-495-0017,train-clean-100/26/495/26-495-0017.flac,0.8163545719117364,tr/OOFFICE_00_011sp08.wav,0.6557464283907
2136-5147-0011,train-clean-100/2136/5147/2136-5147-0011.flac,1.6364303208307187,tr/OMEETING_00_021sp12.wav,0.7202812840121339
4340-15220-0047,train-clean-100/4340/15220/4340-15220-0047.flac,0.7599264098544262,tr/NFIELD_00_026.wav,0.8138295542291185
8014-112602-0025,train-clean-100/8014/112602/8014-112602-0025.flac,1.4948666768921475,tr/NPARK_00_012sp12.wav,0.7925287457010108
669-129074-0009,train-clean-100/669/129074/669-129074-0009.flac,1.1048335629272765,tr/NPARK_00_035.wav,0.7767849633871936
83-11691-0041,train-clean-100/83/11691/83-11691-0041.flac,0.8255193407564226,tr/NRIVER_00_036sp12.wav,0.3819402675790548
1867-154075-0019,train-clean-100/1867/154075/1867-154075-0019.flac,1.7377596934909731,tr/PRESTO_00_033sp08.wav,0.6463932157063838
3436-172162-0013,train-clean-100/3436/172162/3436-172162-0013.flac,1.1438060849705962,tr/PSTATION_00_028sp08.wav,0.4227139375710867
8108-280354-0031,train-clean-100/8108/280354/8108-280354-0031.flac,1.271698767740229,tr/OOFFICE_00_029sp08.wav,0.35567205450945155
5561-41615-0024,train-clean-100/5561/41615/5561-41615-0024.flac,1.1726843750269857,tr/NFIELD_00_008.wav,0.5741395791610152
1081-125237-0032,train-clean-100/1081/125237/1081-125237-0032.flac,1.5170836230742513,tr/NPARK_00_026sp12.wav,0.8378649342306292
7190-90542-0025,train-clean-100/7190/90542/7190-90542-0025.flac,1.1174415597136178,tr/NRIVER_00_026.wav,0.4092709245392498
1963-147036-0027,train-clean-100/1963/147036/1963-147036-0027.flac,1.065432911285535,tr/TMETRO_00_032sp12.wav,0.555807122774101
307-127535-0028,train-clean-100/307/127535/307-127535-0028.flac,1.5364500376490426,tr/DLIVING_00_008sp12.wav,0.6880213847042843
831-130746-0060,train-clean-100/831/130746/831-130746-0060.flac,1.738618215503325,tr/NRIVER_00_016.wav,0.33925305779434156
6081-41997-0017,train-clean-100/6081/41997/6081-41997-0017.flac,1.1481817156402911,tr/DLIVING_00_035sp08.wav,0.7589721471023353
6000-86686-0022,train-clean-100/6000/86686/6000-86686-0022.flac,1.7119034872250343,tr/NRIVER_00_013sp12.wav,0.41909865836127597
5339-14134-0057,train-clean-100/5339/14134/5339-14134-0057.flac,1.1932819413004452,tr/STRAFFIC_00_028sp08.wav,0.5723579240822553
6531-61334-0129,train-clean-100/6531/61334/6531-61334-0129.flac,1.5344472123775568,tr/OOFFICE_00_005.wav,0.5454052169637147
4441-76262-0015,train-clean-100/4441/76262/4441-76262-0015.flac,0.8353198208120394,tr/STRAFFIC_00_000sp08.wav,0.6147111085395248
7190-90542-0023,train-clean-100/7190/90542/7190-90542-0023.flac,1.7201569300890203,tr/NFIELD_00_028.wav,0.4647082133157646
1553-140047-0051,train-clean-100/1553/140047/1553-140047-0051.flac,1.1382373618168364,tr/SPSQUARE_00_034.wav,0.48170768211306264
7059-77900-0041,train-clean-100/7059/77900/7059-77900-0041.flac,0.9387760844888918,tr/DLIVING_00_025.wav,0.7719496849754428
1455-138263-0004,train-clean-100/1455/138263/1455-138263-0004.flac,1.8577650124767537,tr/PSTATION_00_026sp08.wav,0.4699475240711353
2518-154825-0037,train-clean-100/2518/154825/2518-154825-0037.flac,1.0977337944892618,tr/DLIVING_00_014sp08.wav,0.3903972317554017
8095-274346-0020,train-clean-100/8095/274346/8095-274346-0020.flac,0.9358553959991729,tr/PCAFETER_00_031sp12.wav,0.4084160148165712
7302-86814-0029,train-clean-100/7302/86814/7302-86814-0029.flac,0.845400771694052,tr/STRAFFIC_00_035.wav,0.5995432077067211
40-222-0033,train-clean-100/40/222/40-222-0033.flac,1.1212606476272484,tr/NFIELD_00_020.wav,0.3848570148346927
2182-181183-0008,train-clean-100/2182/181183/2182-181183-0008.flac,1.3980113047258909,tr/DWASHING_00_003sp12.wav,0.6821740083582111
6531-61334-0084,train-clean-100/6531/61334/6531-61334-0084.flac,1.4215512052580173,tr/PRESTO_00_026sp08.wav,0.7766136036597189
4137-11701-0038,train-clean-100/4137/11701/4137-11701-0038.flac,1.2153008720320013,tr/OMEETING_00_029sp12.wav,0.42416478452553313
730-359-0050,train-clean-100/730/359/730-359-0050.flac,1.2948175412490541,tr/TCAR_00_022sp12.wav,0.3465379306879712
6925-80680-0036,train-clean-100/6925/80680/6925-80680-0036.flac,1.6289816159520643,tr/OOFFICE_00_017sp08.wav,0.3763464809381091
1183-133256-0017,train-clean-100/1183/133256/1183-133256-0017.flac,1.207300448957829,tr/DWASHING_00_028.wav,0.8096702419537198
2989-138028-0042,train-clean-100/2989/138028/2989-138028-0042.flac,1.1732649578726637,tr/NFIELD_00_019.wav,0.49972468033342593
6925-80680-0046,train-clean-100/6925/80680/6925-80680-0046.flac,1.6567324848938978,tr/PSTATION_00_017sp08.wav,0.571083234439616
1040-133433-0021,train-clean-100/1040/133433/1040-133433-0021.flac,0.7903086109137408,tr/NPARK_00_021sp12.wav,0.40420381155087104
460-172359-0060,train-clean-100/460/172359/460-172359-0060.flac,1.8932751461259412,tr/PSTATION_00_016sp12.wav,0.7634021162642713
1737-142397-0007,train-clean-100/1737/142397/1737-142397-0007.flac,1.2006381854280315,tr/PSTATION_00_027.wav,0.5369082783499398
4362-15663-0085,train-clean-100/4362/15663/4362-15663-0085.flac,0.7902808338530375,tr/DLIVING_00_013sp08.wav,0.33921918602661866
27-124992-0043,train-clean-100/27/124992/27-124992-0043.flac,1.799642473625251,tr/OMEETING_00_026sp08.wav,0.44540365495538764
4014-186183-0025,train-clean-100/4014/186183/4014-186183-0025.flac,0.9383219952215298,tr/PSTATION_00_034sp08.wav,0.7215521962979382
7190-90543-0012,train-clean-100/7190/90543/7190-90543-0012.flac,1.303840906629952,tr/NRIVER_00_033sp08.wav,0.3709627331473567
460-172359-0082,train-clean-100/460/172359/460-172359-0082.flac,0.8947684289671469,tr/SPSQUARE_00_013.wav,0.37821240121486
6836-61803-0038,train-clean-100/6836/61803/6836-61803-0038.flac,1.80130801481582,tr/NFIELD_00_008sp12.wav,0.827708481110768
3259-158083-0099,train-clean-100/3259/158083/3259-158083-0099.flac,0.9093194132716339,tr/OMEETING_00_030.wav,0.47006907279322396
3214-167602-0028,train-clean-100/3214/167602/3214-167602-0028.flac,1.1155872209274413,tr/OMEETING_00_026.wav,0.5627354965412993
4441-76250-0031,train-clean-100/4441/76250/4441-76250-0031.flac,1.6372102914099125,tr/PSTATION_00_021sp12.wav,0.6058288129083211
2391-145015-0105,train-clean-100/2391/145015/2391-145015-0105.flac,1.4758393101346137,tr/DWASHING_00_026sp08.wav,0.6474423754387972
32-21634-0009,train-clean-100/32/21634/32-21634-0009.flac,1.055696448796407,tr/NRIVER_00_021sp12.wav,0.5320902758819426
1502-122619-0032,train-clean-100/1502/122619/1502-122619-0032.flac,0.930833013768798,tr/DLIVING_00_022sp12.wav,0.48510097467256563
4088-158077-0098,train-clean-100/4088/158077/4088-158077-0098.flac,0.9725135127881868,tr/PCAFETER_00_021.wav,0.41992468399957456
8063-274112-0010,train-clean-100/8063/274112/8063-274112-0010.flac,0.8723595463813366,tr/TCAR_00_006sp12.wav,0.443487957038646
201-127786-0066,train-clean-100/201/127786/201-127786-0066.flac,1.3788483207189188,tr/DWASHING_00_024sp08.wav,0.6593695938471958
7859-102519-0051,train-clean-100/7859/102519/7859-102519-0051.flac,1.5688437205505028,tr/SPSQUARE_00_030sp12.wav,0.456771313215556
3259-158083-0011,train-clean-100/3259/158083/3259-158083-0011.flac,1.3706212784126164,tr/TBUS_00_009sp08.wav,0.7140576697742698
322-124146-0005,train-clean-100/322/124146/322-124146-0005.flac,1.3190467885134058,tr/PRESTO_00_030sp08.wav,0.7031788301251294
5339-14134-0024,train-clean-100/5339/14134/5339-14134-0024.flac,0.7762187798786453,tr/DWASHING_00_028sp12.wav,0.42333485741357796
1034-121119-0084,train-clean-100/1034/121119/1034-121119-0084.flac,1.4857946492383476,tr/NFIELD_00_014sp08.wav,0.41730654327413114
4014-186176-0003,train-clean-100/4014/186176/4014-186176-0003.flac,1.478057023547067,tr/PCAFETER_00_005sp08.wav,0.6497536857745448
4014-186176-0034,train-clean-100/4014/186176/4014-186176-0034.flac,1.5767152542757037,tr/PRESTO_00_031.wav,0.3782494687154972
2436-2477-0024,train-clean-100/2436/2477/2436-2477-0024.flac,1.2319327773554045,tr/OMEETING_00_034sp08.wav,0.8063439957120698
1034-121119-0012,train-clean-100/1034/121119/1034-121119-0012.flac,1.0905777535547225,tr/PSTATION_00_014.wav,0.6655767440714457
1502-122619-0087,train-clean-100/1502/122619/1502-122619-0087.flac,1.3035447647683482,tr/TBUS_00_014sp12.wav,0.36989248550561454
1334-135589-0001,train-clean-100/1334/135589/1334-135589-0001.flac,1.0441926707884854,tr/NFIELD_00_009sp12.wav,0.4264104279661941
89-219-0049,train-clean-100/89/219/89-219-0049.flac,0.8201498753529244,tr/OMEETING_00_018.wav,0.3845918254331618
6880-216547-0056,train-clean-100/6880/216547/6880-216547-0056.flac,1.8012299487542665,tr/PCAFETER_00_010.wav,0.3739944707387609
328-129766-0074,train-clean-100/328/129766/328-129766-0074.flac,0.841174750029964,tr/OOFFICE_00_019.wav,0.518400304501172
7505-83618-0021,train-clean-100/7505/83618/7505-83618-0021.flac,1.383256050812417,tr/OMEETING_00_029.wav,0.764712620922011
2893-139310-0017,train-clean-100/2893/139310/2893-139310-0017.flac,1.2856357284086932,tr/TBUS_00_029sp12.wav,0.36558313902751816
125-121124-0064,train-clean-100/125/121124/125-121124-0064.flac,1.20792566421572,tr/TCAR_00_020.wav,0.8012818812194988
5808-54425-0033,train-clean-100/5808/54425/5808-54425-0033.flac,1.088564795127501,tr/TCAR_00_023.wav,0.3741479628861628
1034-121119-0041,train-clean-100/1034/121119/1034-121119-0041.flac,1.2839392064717567,tr/NFIELD_00_009.wav,0.6634765376720805
2764-36617-0037,train-clean-100/2764/36617/2764-36617-0037.flac,0.7802717755044802,tr/OOFFICE_00_007sp08.wav,0.6586074990292746
5652-39938-0023,train-clean-100/5652/39938/5652-39938-0023.flac,1.2716711313326716,tr/OMEETING_00_001sp08.wav,0.5223151233051342
403-216-0017,train-clean-100/403/216/403-216-0017.flac,0.814864112419525,tr/TCAR_00_009.wav,0.4477298145069537
5049-25947-0103,train-clean-100/5049/25947/5049-25947-0103.flac,0.9462089917246527,tr/NFIELD_00_005sp12.wav,0.3470018585674202
5339-14134-0022,train-clean-100/5339/14134/5339-14134-0022.flac,1.4798351955593942,tr/DKITCHEN_00_033sp08.wav,0.5862354974538204
8629-261140-0019,train-clean-100/8629/261140/8629-261140-0019.flac,1.7692596320461849,tr/OHALLWAY_00_019sp08.wav,0.4148878566532345
3242-8112-0033,train-clean-100/3242/8112/3242-8112-0033.flac,1.0046481762839508,tr/OHALLWAY_00_027sp12.wav,0.7181104168232509
6531-61334-0127,train-clean-100/6531/61334/6531-61334-0127.flac,1.0085990172715429,tr/PRESTO_00_012sp12.wav,0.8022881282368319
211-122442-0026,train-clean-100/211/122442/211-122442-0026.flac,1.543820055414695,tr/NRIVER_00_033.wav,0.5227671036516718
1737-142397-0011,train-clean-100/1737/142397/1737-142397-0011.flac,1.8441074814222573,tr/PCAFETER_00_006sp08.wav,0.7586113753897842
3242-8112-0024,train-clean-100/3242/8112/3242-8112-0024.flac,1.0935994641751154,tr/SPSQUARE_00_016.wav,0.5511768544209729
4441-76250-0012,train-clean-100/4441/76250/4441-76250-0012.flac,0.9576037696690708,tr/OMEETING_00_018sp12.wav,0.34106866740473973
5192-19397-0071,train-clean-100/5192/19397/5192-19397-0071.flac,1.4797854646474429,tr/NPARK_00_016.wav,0.36573049305165733
2989-138035-0047,train-clean-100/2989/138035/2989-138035-0047.flac,1.8461576430617375,tr/PCAFETER_00_022sp12.wav,0.5313368708560651
4397-15666-0026,train-clean-100/4397/15666/4397-15666-0026.flac,1.2770393414753214,tr/DKITCHEN_00_016sp08.wav,0.7832698514470012
4051-11218-0029,train-clean-100/4051/11218/4051-11218-0029.flac,1.628673018439096,tr/DKITCHEN_00_003.wav,0.5802650469285056
8747-293952-0054,train-clean-100/8747/293952/8747-293952-0054.flac,1.1204915681287706,tr/NPARK_00_023sp12.wav,0.4811766612225221
118-47824-0085,train-clean-100/118/47824/118-47824-0085.flac,0.8506741261323738,tr/OMEETING_00_005sp08.wav,0.8215914692055494
2691-156745-0013,train-clean-100/2691/156745/2691-156745-0013.flac,1.30434579988188,tr/DLIVING_00_032sp08.wav,0.34308793682359745
5192-19397-0004,train-clean-100/5192/19397/5192-19397-0004.flac,1.068269356204117,tr/SPSQUARE_00_002sp08.wav,0.37979252637477773
1455-134435-0058,train-clean-100/1455/134435/1455-134435-0058.flac,1.3168468496556354,tr/OMEETING_00_002sp12.wav,0.7345872379649427
89-219-0031,train-clean-100/89/219/89-219-0031.flac,1.2671143892079562,tr/PCAFETER_00_017sp12.wav,0.7297053840053364
78-368-0031,train-clean-100/78/368/78-368-0031.flac,0.7764088957080463,tr/NFIELD_00_022.wav,0.6811460537282665
1455-134435-0026,train-clean-100/1455/134435/1455-134435-0026.flac,1.196683529830356,tr/OMEETING_00_035sp12.wav,0.39491628827643704
3830-12535-0020,train-clean-100/3830/12535/3830-12535-0020.flac,1.1731022274716725,tr/NFIELD_00_004sp08.wav,0.740325075112304
4014-186175-0021,train-clean-100/4014/186175/4014-186175-0021.flac,0.8097436034253007,tr/SPSQUARE_00_006sp08.wav,0.5769134021956177
4014-186179-0012,train-clean-100/4014/186179/4014-186179-0012.flac,1.6143398381261145,tr/SPSQUARE_00_014sp12.wav,0.4109152154816745
7226-86965-0016,train-clean-100/7226/86965/7226-86965-0016.flac,1.1986625730789384,tr/NPARK_00_024sp08.wav,0.7637292968757758
8226-274369-0044,train-clean-100/8226/274369/8226-274369-0044.flac,1.2254115864967228,tr/PSTATION_00_004sp08.wav,0.7903054718562479
460-172359-0040,train-clean-100/460/172359/460-172359-0040.flac,1.5019495104829008,tr/STRAFFIC_00_008sp12.wav,0.3434042484878457
1867-154071-0005,train-clean-100/1867/154071/1867-154071-0005.flac,0.9223355625083366,tr/OMEETING_00_008sp08.wav,0.632502437584573
254-12312-0013,train-clean-100/254/12312/254-12312-0013.flac,1.134847307298254,tr/OOFFICE_00_012sp08.wav,0.3968355881567644
8465-246943-0004,train-clean-100/8465/246943/8465-246943-0004.flac,1.6649582183968075,tr/DWASHING_00_031sp12.wav,0.7633437197056167
4481-17498-0002,train-clean-100/4481/17498/4481-17498-0002.flac,0.9355393526761092,tr/SPSQUARE_00_022sp12.wav,0.3854531341542139
1624-168623-0037,train-clean-100/1624/168623/1624-168623-0037.flac,1.8736970096451746,tr/PRESTO_00_015.wav,0.3374117272087797
4014-186179-0040,train-clean-100/4014/186179/4014-186179-0040.flac,1.7948025783051975,tr/PCAFETER_00_012sp08.wav,0.49327133819286945
2817-142371-0006,train-clean-100/2817/142371/2817-142371-0006.flac,0.8149923641518078,tr/NFIELD_00_000sp12.wav,0.4797484541436398
254-127705-0027,train-clean-100/254/127705/254-127705-0027.flac,0.8741623029735303,tr/SPSQUARE_00_006.wav,0.5064369260449726
730-359-0042,train-clean-100/730/359/730-359-0042.flac,1.0761881632918322,tr/PCAFETER_00_032sp08.wav,0.7476726996691913
1502-122619-0050,train-clean-100/1502/122619/1502-122619-0050.flac,1.8235985506085748,tr/SPSQUARE_00_019sp12.wav,0.5064915397531262
1183-133256-0025,train-clean-100/1183/133256/1183-133256-0025.flac,1.38832411678253,tr/NRIVER_00_001sp08.wav,0.3341963374736129
5339-14133-0044,train-clean-100/5339/14133/5339-14133-0044.flac,1.2696883801823968,tr/DLIVING_00_035.wav,0.6965784544115698
2007-149877-0060,train-clean-100/2007/149877/2007-149877-0060.flac,0.8822215613129509,tr/DLIVING_00_021sp08.wav,0.6394536311477571
2989-138028-0047,train-clean-100/2989/138028/2989-138028-0047.flac,1.7154676475629334,tr/OMEETING_00_001.wav,0.6430744044397572
5456-24741-0010,train-clean-100/5456/24741/5456-24741-0010.flac,0.8031788348410358,tr/PSTATION_00_027sp08.wav,0.6904118205050451
211-122442-0010,train-clean-100/211/122442/211-122442-0010.flac,1.8466198576488826,tr/TBUS_00_007sp12.wav,0.6389593581198632
8088-284756-0079,train-clean-100/8088/284756/8088-284756-0079.flac,1.786428043675585,tr/PSTATION_00_030sp12.wav,0.48864725390446856
2436-2481-0018,train-clean-100/2436/2481/2436-2481-0018.flac,1.1364385767862732,tr/TMETRO_00_003sp08.wav,0.7711025426483948
6078-54013-0034,train-clean-100/6078/54013/6078-54013-0034.flac,0.8192990991636877,tr/NFIELD_00_015sp12.wav,0.4612180517918403
4051-10927-0002,train-clean-100/4051/10927/4051-10927-0002.flac,1.829274066340332,tr/NPARK_00_010.wav,0.7820910524376085
3436-172171-0062,train-clean-100/3436/172171/3436-172171-0062.flac,1.4012876973000012,tr/TCAR_00_036sp12.wav,0.561509092285568
1970-10594-0014,train-clean-100/1970/10594/1970-10594-0014.flac,1.2795313123569205,tr/SPSQUARE_00_030sp08.wav,0.34813614605880805
7505-83618-0017,train-clean-100/7505/83618/7505-83618-0017.flac,1.8914923680569122,tr/PCAFETER_00_000.wav,0.7869925744304161
27-124992-0053,train-clean-100/27/124992/27-124992-0053.flac,0.7712981692634151,tr/TCAR_00_022sp08.wav,0.44483618999583313
8238-274553-0022,train-clean-100/8238/274553/8238-274553-0022.flac,1.2726729803138241,tr/OHALLWAY_00_024sp12.wav,0.5743197219271431
125-121124-0077,train-clean-100/125/121124/125-121124-0077.flac,1.5735782150881257,tr/NRIVER_00_009sp12.wav,0.4156161100038246
8419-293469-0001,train-clean-100/8419/293469/8419-293469-0001.flac,1.152250699398543,tr/TBUS_00_013sp12.wav,0.6538163009533197
298-126791-0061,train-clean-100/298/126791/298-126791-0061.flac,1.143750336572091,tr/TCAR_00_035sp12.wav,0.4316254135580851
3214-167602-0009,train-clean-100/3214/167602/3214-167602-0009.flac,1.4185370528465178,tr/STRAFFIC_00_029sp08.wav,0.7480090882557635
7190-90542-0027,train-clean-100/7190/90542/7190-90542-0027.flac,1.4644316404206186,tr/OOFFICE_00_012sp12.wav,0.6922638608342193
2764-36616-0000,train-clean-100/2764/36616/2764-36616-0000.flac,0.7753215675858386,tr/NPARK_00_031.wav,0.812100185735697
3830-12535-0032,train-clean-100/3830/12535/3830-12535-0032.flac,0.8361455593864449,tr/STRAFFIC_00_025sp08.wav,0.36018244469989563
4680-16042-0004,train-clean-100/4680/16042/4680-16042-0004.flac,0.9711702359770258,tr/TBUS_00_001sp12.wav,0.5186039231174498
8770-295463-0024,train-clean-100/8770/295463/8770-295463-0024.flac,1.7854565680498766,tr/NFIELD_00_013sp08.wav,0.6406735089415048
7078-271888-0087,train-clean-100/7078/271888/7078-271888-0087.flac,1.7199193959965144,tr/DLIVING_00_002.wav,0.41903302825369965
89-219-0046,train-clean-100/89/219/89-219-0046.flac,1.1493900080994495,tr/PCAFETER_00_028sp12.wav,0.7507733307410062
211-122425-0000,train-clean-100/211/122425/211-122425-0000.flac,1.2163215844684132,tr/PSTATION_00_032sp08.wav,0.7821364139545207
2182-181183-0010,train-clean-100/2182/181183/2182-181183-0010.flac,0.951210955900738,tr/OOFFICE_00_032sp08.wav,0.6571267320093331
4441-76263-0011,train-clean-100/4441/76263/4441-76263-0011.flac,1.0645969465531353,tr/STRAFFIC_00_027sp12.wav,0.46184188881506893
7367-86737-0000,train-clean-100/7367/86737/7367-86737-0000.flac,1.294147440610585,tr/TBUS_00_007sp08.wav,0.7958952434886337
322-124147-0020,train-clean-100/322/124147/322-124147-0020.flac,1.1131048548497846,tr/TCAR_00_029sp12.wav,0.33568365632750685
1034-121119-0018,train-clean-100/1034/121119/1034-121119-0018.flac,0.8802012871611816,tr/NFIELD_00_028sp12.wav,0.5655908339204491
1235-135883-0045,train-clean-100/1235/135883/1235-135883-0045.flac,1.353678638793192,tr/NPARK_00_020sp12.wav,0.5776353705383784
322-124146-0023,train-clean-100/322/124146/322-124146-0023.flac,1.6718154397897906,tr/DKITCHEN_00_018sp12.wav,0.35797448926199776
7178-34644-0029,train-clean-100/7178/34644/7178-34644-0029.flac,0.9366867179644505,tr/DKITCHEN_00_021.wav,0.6256382720263528
2136-5143-0042,train-clean-100/2136/5143/2136-5143-0042.flac,1.7585659709069938,tr/TMETRO_00_004sp12.wav,0.8056115738015655
78-368-0038,train-clean-100/78/368/78-368-0038.flac,0.8276323375613839,tr/OOFFICE_00_001sp12.wav,0.5843130829365925
458-126294-0009,train-clean-100/458/126294/458-126294-0009.flac,0.9913374546662677,tr/TBUS_00_013sp08.wav,0.5351471574171752
1970-10594-0028,train-clean-100/1970/10594/1970-10594-0028.flac,0.8769636299250952,tr/OOFFICE_00_035sp12.wav,0.6021271837079014
125-121124-0085,train-clean-100/125/121124/125-121124-0085.flac,0.777527967564465,tr/TBUS_00_008sp08.wav,0.6142497008429201
211-122442-0019,train-clean-100/211/122442/211-122442-0019.flac,0.9170709995311609,tr/PRESTO_00_010sp08.wav,0.5821611970205175
254-27760-0003,train-clean-100/254/27760/254-27760-0003.flac,1.832342775088427,tr/DWASHING_00_031.wav,0.5321566837082927
6181-216552-0081,train-clean-100/6181/216552/6181-216552-0081.flac,1.6504924255425169,tr/SPSQUARE_00_002sp12.wav,0.3959313298198594
1116-132847-0011,train-clean-100/1116/132847/1116-132847-0011.flac,1.2145605639721775,tr/PSTATION_00_036sp08.wav,0.7274250838104807
1926-143879-0030,train-clean-100/1926/143879/1926-143879-0030.flac,1.481564545403446,tr/DWASHING_00_003.wav,0.6578109302872576
4014-186176-0033,train-clean-100/4014/186176/4014-186176-0033.flac,1.053516394593859,tr/OOFFICE_00_017sp12.wav,0.4803414439598914
2989-138028-0015,train-clean-100/2989/138028/2989-138028-0015.flac,1.3877424974820838,tr/PSTATION_00_028sp12.wav,0.5765484568119922
40-121026-0012,train-clean-100/40/121026/40-121026-0012.flac,1.7096679010138445,tr/TBUS_00_034.wav,0.5935076592086959
4195-186238-0000,train-clean-100/4195/186238/4195-186238-0000.flac,0.8735824107185859,tr/OHALLWAY_00_031.wav,0.43943266655505675
1246-135815-0023,train-clean-100/1246/135815/1246-135815-0023.flac,1.0221365119824737,tr/NFIELD_00_018sp12.wav,0.39707035038464916
4014-186176-0032,train-clean-100/4014/186176/4014-186176-0032.flac,1.1906232431814285,tr/OMEETING_00_003sp12.wav,0.38167644089847236
403-126855-0027,train-clean-100/403/126855/403-126855-0027.flac,1.4495423779139582,tr/OOFFICE_00_022.wav,0.3871387190310978
2989-138035-0063,train-clean-100/2989/138035/2989-138035-0063.flac,1.598260059130161,tr/SPSQUARE_00_009sp08.wav,0.6760552045679349
403-128339-0013,train-clean-100/403/128339/403-128339-0013.flac,1.8531263604041672,tr/TBUS_00_005sp08.wav,0.4997974813595846
7190-90542-0072,train-clean-100/7190/90542/7190-90542-0072.flac,1.2988022935093115,tr/PCAFETER_00_029.wav,0.37737320136638935
7367-86737-0098,train-clean-100/7367/86737/7367-86737-0098.flac,0.7715817961536346,tr/DKITCHEN_00_017.wav,0.7664669705698576
4859-29340-0039,train-clean-100/4859/29340/4859-29340-0039.flac,1.8599832507380594,tr/PRESTO_00_001.wav,0.5201523426887893
6000-55211-0042,train-clean-100/6000/55211/6000-55211-0042.flac,1.0535000716920526,tr/TMETRO_00_017.wav,0.6709034242692256
7312-92432-0000,train-clean-100/7312/92432/7312-92432-0000.flac,1.3525210378601689,tr/DKITCHEN_00_007sp08.wav,0.795262134135816
5750-35690-0012,train-clean-100/5750/35690/5750-35690-0012.flac,1.0263601342275526,tr/PSTATION_00_017sp12.wav,0.41674118830780654
8063-274112-0034,train-clean-100/8063/274112/8063-274112-0034.flac,1.6277080032437239,tr/NFIELD_00_009sp08.wav,0.7541470413829975
3723-171115-0001,train-clean-100/3723/171115/3723-171115-0001.flac,1.4735005811550665,tr/PRESTO_00_015sp12.wav,0.38927912646743884
3168-173565-0052,train-clean-100/3168/173565/3168-173565-0052.flac,1.857183456116381,tr/PRESTO_00_005sp12.wav,0.37659676624832633
311-124404-0019,train-clean-100/311/124404/311-124404-0019.flac,1.849947302248547,tr/PSTATION_00_019sp08.wav,0.5715060724718174
5339-14133-0001,train-clean-100/5339/14133/5339-14133-0001.flac,0.8247229640286189,tr/TMETRO_00_034.wav,0.5493256739018618
1034-121119-0036,train-clean-100/1034/121119/1034-121119-0036.flac,1.6482029808702539,tr/DLIVING_00_023sp12.wav,0.5086052007270309
1502-122619-0086,train-clean-100/1502/122619/1502-122619-0086.flac,1.7934103686196028,tr/DWASHING_00_035sp12.wav,0.5789204829035874
2817-142371-0062,train-clean-100/2817/142371/2817-142371-0062.flac,0.9974811686845674,tr/TBUS_00_010sp08.wav,0.6994884030110016
730-358-0059,train-clean-100/730/358/730-358-0059.flac,0.8509407615163965,tr/PCAFETER_00_029sp12.wav,0.6341326023941881
2817-142380-0024,train-clean-100/2817/142380/2817-142380-0024.flac,1.0105609681975167,tr/OOFFICE_00_008.wav,0.6397010999659145
5561-41615-0046,train-clean-100/5561/41615/5561-41615-0046.flac,1.7336886777869445,tr/PSTATION_00_035.wav,0.4381820090307898
7278-104730-0019,train-clean-100/7278/104730/7278-104730-0019.flac,1.196348196280145,tr/DWASHING_00_002.wav,0.6729014161990966
1578-6379-0015,train-clean-100/1578/6379/1578-6379-0015.flac,1.7123395501061915,tr/STRAFFIC_00_003sp12.wav,0.47747569987445515
311-124404-0080,train-clean-100/311/124404/311-124404-0080.flac,1.1953916348377833,tr/STRAFFIC_00_031sp12.wav,0.41647005255949643
125-121124-0047,train-clean-100/125/121124/125-121124-0047.flac,0.9214289332495125,tr/TMETRO_00_024sp12.wav,0.3596378291767326
1867-154071-0034,train-clean-100/1867/154071/1867-154071-0034.flac,0.915750582913378,tr/SPSQUARE_00_024.wav,0.42608104180567674
445-123857-0007,train-clean-100/445/123857/445-123857-0007.flac,1.1794911831034967,tr/DWASHING_00_011sp12.wav,0.46621658081880424
6272-70191-0000,train-clean-100/6272/70191/6272-70191-0000.flac,1.1134022095292622,tr/STRAFFIC_00_032sp08.wav,0.5309650202648437
89-219-0010,train-clean-100/89/219/89-219-0010.flac,0.9309211517215573,tr/DKITCHEN_00_017sp08.wav,0.7051139761104169
7302-86815-0081,train-clean-100/7302/86815/7302-86815-0081.flac,1.1164346443828794,tr/TBUS_00_032sp08.wav,0.599573722701616
32-4137-0058,train-clean-100/32/4137/32-4137-0058.flac,1.189553475625284,tr/TBUS_00_012sp08.wav,0.7448708446386263
6147-34606-0007,train-clean-100/6147/34606/6147-34606-0007.flac,1.5869544817167625,tr/PSTATION_00_017.wav,0.36995587318025847
4088-158077-0076,train-clean-100/4088/158077/4088-158077-0076.flac,1.4933344220241278,tr/PSTATION_00_032sp12.wav,0.6879502228476383
211-122442-0083,train-clean-100/211/122442/211-122442-0083.flac,1.3906517764940185,tr/DWASHING_00_035.wav,0.40922394297190257
1183-128659-0007,train-clean-100/1183/128659/1183-128659-0007.flac,1.24123085027235,tr/TMETRO_00_013sp12.wav,0.5473030442660249
8063-274117-0020,train-clean-100/8063/274117/8063-274117-0020.flac,1.0363692568705405,tr/NPARK_00_013sp12.wav,0.3444468788471048
1970-10594-0029,train-clean-100/1970/10594/1970-10594-0029.flac,0.9489590053613255,tr/NFIELD_00_015.wav,0.6251265265474538
839-130898-0043,train-clean-100/839/130898/839-130898-0043.flac,0.7750134268463137,tr/PSTATION_00_012sp08.wav,0.39035259494644975
4051-11218-0025,train-clean-100/4051/11218/4051-11218-0025.flac,0.8482294796162686,tr/TMETRO_00_018sp12.wav,0.6002154628062707
211-122425-0066,train-clean-100/211/122425/211-122425-0066.flac,1.7553536160444083,tr/DKITCHEN_00_007sp12.wav,0.56792239747849
481-123719-0024,train-clean-100/481/123719/481-123719-0024.flac,0.7942338640659831,tr/PSTATION_00_024.wav,0.6821447851115773
1594-135914-0048,train-clean-100/1594/135914/1594-135914-0048.flac,0.8487019867384528,tr/PCAFETER_00_027.wav,0.731481148537302
6531-61334-0014,train-clean-100/6531/61334/6531-61334-0014.flac,1.4508919657048749,tr/TCAR_00_025.wav,0.5296566906731519
2843-152918-0075,train-clean-100/2843/152918/2843-152918-0075.flac,1.7743252811690238,tr/PRESTO_00_032sp08.wav,0.5815682709719849
5022-29411-0017,train-clean-100/5022/29411/5022-29411-0017.flac,1.8630028189461043,tr/DWASHING_00_023sp12.wav,0.39813819357310015
3607-29116-0043,train-clean-100/3607/29116/3607-29116-0043.flac,1.4749485814019743,tr/NRIVER_00_027sp12.wav,0.5153406735660292
5049-25947-0010,train-clean-100/5049/25947/5049-25947-0010.flac,1.3198839588469726,tr/NPARK_00_001.wav,0.4388476379338493
2764-36619-0038,train-clean-100/2764/36619/2764-36619-0038.flac,1.517160515187314,tr/NPARK_00_033.wav,0.7619597831118006
6925-80680-0085,train-clean-100/6925/80680/6925-80680-0085.flac,1.0390776678190694,tr/PRESTO_00_011sp08.wav,0.6411139277190095
6476-57446-0032,train-clean-100/6476/57446/6476-57446-0032.flac,1.7533269616292115,tr/TBUS_00_009sp12.wav,0.49903225165262804
3112-9555-0000,train-clean-100/3112/9555/3112-9555-0000.flac,1.5316275195852802,tr/DWASHING_00_005sp08.wav,0.4185879987422897
5561-39621-0022,train-clean-100/5561/39621/5561-39621-0022.flac,1.786929392242629,tr/TBUS_00_022sp08.wav,0.5096471702484088
1246-135815-0016,train-clean-100/1246/135815/1246-135815-0016.flac,1.2383495818687498,tr/TBUS_00_008sp12.wav,0.5862420462428903
322-124146-0037,train-clean-100/322/124146/322-124146-0037.flac,1.4995260244614683,tr/OMEETING_00_009.wav,0.36817416818806875
6476-57446-0039,train-clean-100/6476/57446/6476-57446-0039.flac,0.8343393763240667,tr/TMETRO_00_005sp08.wav,0.3531536427902339
2952-408-0005,train-clean-100/2952/408/2952-408-0005.flac,0.9383728285924143,tr/NRIVER_00_002.wav,0.5425427756908079
125-121124-0075,train-clean-100/125/121124/125-121124-0075.flac,1.8684321612644679,tr/DLIVING_00_001sp08.wav,0.7603060124707129
8088-284756-0017,train-clean-100/8088/284756/8088-284756-0017.flac,1.0095809165923475,tr/TCAR_00_000sp08.wav,0.6325323526273086
5688-41232-0041,train-clean-100/5688/41232/5688-41232-0041.flac,1.5301399037172925,tr/NRIVER_00_002sp08.wav,0.7959068330294515
5390-30096-0033,train-clean-100/5390/30096/5390-30096-0033.flac,0.8738194121402013,tr/PSTATION_00_021.wav,0.3790255934532337
7302-86814-0044,train-clean-100/7302/86814/7302-86814-0044.flac,0.9587204699231198,tr/OOFFICE_00_021sp12.wav,0.8370885715367622
3112-9555-0026,train-clean-100/3112/9555/3112-9555-0026.flac,0.9454442682768796,tr/OMEETING_00_020sp08.wav,0.4129486047353458
27-124992-0009,train-clean-100/27/124992/27-124992-0009.flac,0.9092690891106401,tr/PSTATION_00_013sp08.wav,0.5295277804726979
6367-74004-0028,train-clean-100/6367/74004/6367-74004-0028.flac,1.0351589340521044,tr/PCAFETER_00_018sp08.wav,0.42600282367762016
4195-17507-0048,train-clean-100/4195/17507/4195-17507-0048.flac,1.871653973911292,tr/SPSQUARE_00_012sp08.wav,0.35169977158787036
3723-171115-0052,train-clean-100/3723/171115/3723-171115-0052.flac,1.2228383471889623,tr/NRIVER_00_024.wav,0.7913741321195665
8465-246942-0010,train-clean-100/8465/246942/8465-246942-0010.flac,1.679674205198831,tr/STRAFFIC_00_033sp08.wav,0.7920993324084925
6000-55211-0029,train-clean-100/6000/55211/6000-55211-0029.flac,0.8051329456000823,tr/NPARK_00_022sp08.wav,0.6487879601623978
1183-128659-0012,train-clean-100/1183/128659/1183-128659-0012.flac,0.8826448765408534,tr/OMEETING_00_008sp12.wav,0.3810712825133645
1898-145724-0024,train-clean-100/1898/145724/1898-145724-0024.flac,1.6212725577033988,tr/OMEETING_00_021.wav,0.5853481261315368
7859-102518-0011,train-clean-100/7859/102518/7859-102518-0011.flac,1.629091857282339,tr/DLIVING_00_024sp12.wav,0.57312806608959
5514-19192-0045,train-clean-100/5514/19192/5514-19192-0045.flac,0.8357041981510963,tr/DKITCHEN_00_031sp12.wav,0.6545933169094005
163-122947-0022,train-clean-100/163/122947/163-122947-0022.flac,1.5504663753657497,tr/TBUS_00_018sp12.wav,0.43154287238167177
1455-138263-0047,train-clean-100/1455/138263/1455-138263-0047.flac,1.7725754926064616,tr/DWASHING_00_010sp12.wav,0.6307614213093975
332-128985-0027,train-clean-100/332/128985/332-128985-0027.flac,0.8824302536201644,tr/OMEETING_00_030sp12.wav,0.7873440219830359
254-127705-0005,train-clean-100/254/127705/254-127705-0005.flac,1.5131894240207353,tr/STRAFFIC_00_021.wav,0.5957074622337999
8063-274116-0019,train-clean-100/8063/274116/8063-274116-0019.flac,1.8446500495644553,tr/OOFFICE_00_035.wav,0.5617150447203315
4267-72637-0020,train-clean-100/4267/72637/4267-72637-0020.flac,0.9605179628463351,tr/DKITCHEN_00_004sp08.wav,0.6867931963095278
4813-248638-0005,train-clean-100/4813/248638/4813-248638-0005.flac,1.3401503848345218,tr/NRIVER_00_036.wav,0.40563715951065304
307-127539-0010,train-clean-100/307/127539/307-127539-0010.flac,1.0193334588858012,tr/SPSQUARE_00_033sp08.wav,0.4152305967449008
200-126784-0013,train-clean-100/200/126784/200-126784-0013.flac,1.1614929263543912,tr/PSTATION_00_027sp12.wav,0.423936361348203
3240-131231-0054,train-clean-100/3240/131231/3240-131231-0054.flac,1.0945393344800134,tr/NFIELD_00_010sp08.wav,0.45337445362088963
8747-293952-0039,train-clean-100/8747/293952/8747-293952-0039.flac,0.8154032140515816,tr/SPSQUARE_00_003sp08.wav,0.7797906288993813
4014-186176-0024,train-clean-100/4014/186176/4014-186176-0024.flac,0.7945484024246621,tr/NRIVER_00_016sp08.wav,0.705980988583622
8098-275181-0015,train-clean-100/8098/275181/8098-275181-0015.flac,1.0700678912756287,tr/PCAFETER_00_021sp08.wav,0.5454845545240044
8051-295385-0035,train-clean-100/8051/295385/8051-295385-0035.flac,1.4488820051367912,tr/OOFFICE_00_014sp12.wav,0.3950696138110571
3242-8112-0044,train-clean-100/3242/8112/3242-8112-0044.flac,1.3749002409185562,tr/STRAFFIC_00_020.wav,0.7664642637063129
8747-293952-0109,train-clean-100/8747/293952/8747-293952-0109.flac,1.498723468241947,tr/SPSQUARE_00_022.wav,0.8176850426575238
8063-274117-0006,train-clean-100/8063/274117/8063-274117-0006.flac,0.9767817998057725,tr/PRESTO_00_030.wav,0.8202866003979238
8770-295465-0030,train-clean-100/8770/295465/8770-295465-0030.flac,1.6610514730316006,tr/DKITCHEN_00_034sp08.wav,0.5560754938500361
26-495-0007,train-clean-100/26/495/26-495-0007.flac,0.9960170442569672,tr/PRESTO_00_025sp08.wav,0.3654420518666567
1898-145715-0043,train-clean-100/1898/145715/1898-145715-0043.flac,1.3030453712383054,tr/TBUS_00_005sp12.wav,0.7241613654460731
27-124992-0028,train-clean-100/27/124992/27-124992-0028.flac,1.7908146587836566,tr/TCAR_00_036sp08.wav,0.5105436244813015
83-9960-0036,train-clean-100/83/9960/83-9960-0036.flac,1.8890765832235892,tr/TMETRO_00_010sp08.wav,0.5873257841799622
8014-112602-0013,train-clean-100/8014/112602/8014-112602-0013.flac,1.613149909440007,tr/PSTATION_00_019.wav,0.42206330563570055
27-124992-0072,train-clean-100/27/124992/27-124992-0072.flac,1.0711465201033115,tr/PRESTO_00_025.wav,0.4062143228377092
163-122947-0012,train-clean-100/163/122947/163-122947-0012.flac,1.8339678999199067,tr/TCAR_00_026sp12.wav,0.5942944578296262
5163-18515-0037,train-clean-100/5163/18515/5163-18515-0037.flac,1.1499942480795942,tr/DKITCHEN_00_022sp12.wav,0.45392028497314496
7178-34644-0063,train-clean-100/7178/34644/7178-34644-0063.flac,1.3909993506689682,tr/DKITCHEN_00_036.wav,0.7497618594720342
441-128982-0027,train-clean-100/441/128982/441-128982-0027.flac,0.9671774208732145,tr/PRESTO_00_026.wav,0.8169724473610389
4640-19187-0031,train-clean-100/4640/19187/4640-19187-0031.flac,1.5624803337898856,tr/TCAR_00_011sp08.wav,0.5397395827754552
233-134440-0046,train-clean-100/233/134440/233-134440-0046.flac,1.4045183538631751,tr/OMEETING_00_030sp08.wav,0.4055596717784231
5456-58161-0013,train-clean-100/5456/58161/5456-58161-0013.flac,1.8838039697447946,tr/PCAFETER_00_031.wav,0.46476144991522783
198-129977-0016,train-clean-100/198/129977/198-129977-0016.flac,1.6567971073025827,tr/PCAFETER_00_023.wav,0.7255841353751948
248-130697-0036,train-clean-100/248/130697/248-130697-0036.flac,1.558162284187331,tr/PCAFETER_00_012.wav,0.5620558759930404
4014-186179-0027,train-clean-100/4014/186179/4014-186179-0027.flac,1.633605246178421,tr/OOFFICE_00_012.wav,0.5435070005771452
211-122442-0071,train-clean-100/211/122442/211-122442-0071.flac,0.8401706151965482,tr/STRAFFIC_00_000.wav,0.5194906051712457
1867-148436-0012,train-clean-100/1867/148436/1867-148436-0012.flac,1.8279201418884572,tr/PCAFETER_00_012sp12.wav,0.4984007343675147
4640-19187-0027,train-clean-100/4640/19187/4640-19187-0027.flac,1.551830824044927,tr/TBUS_00_011.wav,0.7758334986186208
5808-54425-0046,train-clean-100/5808/54425/5808-54425-0046.flac,1.3697133710325942,tr/PSTATION_00_024sp08.wav,0.6883745124036057
6476-57446-0033,train-clean-100/6476/57446/6476-57446-0033.flac,1.5277652715058858,tr/OOFFICE_00_034sp08.wav,0.3625021491017767
229-130880-0089,train-clean-100/229/130880/229-130880-0089.flac,1.3582406795002533,tr/TCAR_00_001.wav,0.540750969758376
229-130880-0079,train-clean-100/229/130880/229-130880-0079.flac,0.8408546918669082,tr/TBUS_00_027sp08.wav,0.36927324247447263
4898-28461-0056,train-clean-100/4898/28461/4898-28461-0056.flac,1.3349209842852003,tr/OOFFICE_00_022sp12.wav,0.4589984818416061
8747-293952-0059,train-clean-100/8747/293952/8747-293952-0059.flac,0.987818067363237,tr/TBUS_00_030.wav,0.7823193633296277
1455-134435-0044,train-clean-100/1455/134435/1455-134435-0044.flac,1.0568527070787166,tr/OMEETING_00_016.wav,0.5794603819445677
839-130898-0061,train-clean-100/839/130898/839-130898-0061.flac,1.3619851930610891,tr/DWASHING_00_005.wav,0.3544131476575933
669-129061-0033,train-clean-100/669/129061/669-129061-0033.flac,0.989978902794795,tr/STRAFFIC_00_014sp12.wav,0.6974668713560279
1502-122619-0003,train-clean-100/1502/122619/1502-122619-0003.flac,1.223912157647405,tr/NRIVER_00_021.wav,0.4443837801455123
4640-19188-0003,train-clean-100/4640/19188/4640-19188-0003.flac,1.3133393258054125,tr/DKITCHEN_00_024sp08.wav,0.6882430993505594
1926-147987-0024,train-clean-100/1926/147987/1926-147987-0024.flac,1.0324608548258434,tr/OMEETING_00_018sp08.wav,0.4361204439653512
1034-121119-0042,train-clean-100/1034/121119/1034-121119-0042.flac,1.4302835263189562,tr/NPARK_00_006.wav,0.7484715791811353
150-132655-0033,train-clean-100/150/132655/150-132655-0033.flac,0.8447225065555238,tr/NFIELD_00_002.wav,0.44616393301928264
4051-11218-0004,train-clean-100/4051/11218/4051-11218-0004.flac,1.2260844972220926,tr/TBUS_00_022sp12.wav,0.6368585885085377
1455-138263-0034,train-clean-100/1455/138263/1455-138263-0034.flac,0.8872728280755804,tr/TCAR_00_005.wav,0.8154810070019107
5688-41232-0059,train-clean-100/5688/41232/5688-41232-0059.flac,0.7599497456395741,tr/SPSQUARE_00_022sp08.wav,0.6887736432195931
2910-131096-0047,train-clean-100/2910/131096/2910-131096-0047.flac,1.6933449834877259,tr/PRESTO_00_025sp12.wav,0.4304815984907527
5456-62014-0007,train-clean-100/5456/62014/5456-62014-0007.flac,0.9252165603082269,tr/SPSQUARE_00_012sp12.wav,0.7909004713091126
5514-19192-0025,train-clean-100/5514/19192/5514-19192-0025.flac,0.7823456194553219,tr/PCAFETER_00_002sp08.wav,0.5327223772577699
7302-86815-0075,train-clean-100/7302/86815/7302-86815-0075.flac,1.4247496513791147,tr/DWASHING_00_036sp12.wav,0.4974460166204568
8108-280354-0014,train-clean-100/8108/280354/8108-280354-0014.flac,1.4873688519514736,tr/SPSQUARE_00_013sp08.wav,0.4894324866742666
8324-286682-0013,train-clean-100/8324/286682/8324-286682-0013.flac,0.9228738465494127,tr/NPARK_00_034sp08.wav,0.47743225260011796
4406-16883-0048,train-clean-100/4406/16883/4406-16883-0048.flac,1.099579399048772,tr/STRAFFIC_00_002sp12.wav,0.6016199094680621
4406-16882-0025,train-clean-100/4406/16882/4406-16882-0025.flac,1.4459173772493092,tr/PRESTO_00_033.wav,0.4394381366681588
5750-35690-0009,train-clean-100/5750/35690/5750-35690-0009.flac,0.9504700759354261,tr/PSTATION_00_029sp12.wav,0.5627574848683201
441-128988-0000,train-clean-100/441/128988/441-128988-0000.flac,1.7492478508436125,tr/NPARK_00_028.wav,0.4609539958662244
60-121082-0077,train-clean-100/60/121082/60-121082-0077.flac,0.9720304402055276,tr/TBUS_00_011sp12.wav,0.7112362377408155
2836-5354-0041,train-clean-100/2836/5354/2836-5354-0041.flac,1.0343114645973979,tr/PCAFETER_00_018sp12.wav,0.3381100162379022
103-1241-0019,train-clean-100/103/1241/103-1241-0019.flac,1.8721619020950244,tr/OHALLWAY_00_029sp08.wav,0.8402816693876929
5456-24741-0001,train-clean-100/5456/24741/5456-24741-0001.flac,1.1731764801351627,tr/DWASHING_00_018sp08.wav,0.41148053486563874
8324-286681-0004,train-clean-100/8324/286681/8324-286681-0004.flac,1.2775426853943757,tr/PRESTO_00_002.wav,0.8281424512212671
198-126831-0048,train-clean-100/198/126831/198-126831-0048.flac,1.7871756974047919,tr/SPSQUARE_00_000sp08.wav,0.6511753397100999
6531-61334-0066,train-clean-100/6531/61334/6531-61334-0066.flac,0.935206263661481,tr/PSTATION_00_004sp12.wav,0.4381187510142587
8088-284756-0109,train-clean-100/8088/284756/8088-284756-0109.flac,1.66653482123798,tr/OHALLWAY_00_008sp08.wav,0.3686455805861455
1553-140047-0011,train-clean-100/1553/140047/1553-140047-0011.flac,1.3941890913959167,tr/NPARK_00_030sp12.wav,0.6279309459441795
4195-17507-0033,train-clean-100/4195/17507/4195-17507-0033.flac,1.0386493333700404,tr/STRAFFIC_00_026sp08.wav,0.4620659957041232
839-130898-0000,train-clean-100/839/130898/839-130898-0000.flac,1.4970367942558844,tr/STRAFFIC_00_031sp08.wav,0.7099778877421178
7780-274562-0066,train-clean-100/7780/274562/7780-274562-0066.flac,0.8893291969596722,tr/OOFFICE_00_016.wav,0.5223794258885512
730-360-0038,train-clean-100/730/360/730-360-0038.flac,1.3651881709755067,tr/OHALLWAY_00_025sp12.wav,0.8087180109731978
8238-274553-0023,train-clean-100/8238/274553/8238-274553-0023.flac,1.465193896896838,tr/SPSQUARE_00_007sp08.wav,0.4335366144350009
211-122442-0053,train-clean-100/211/122442/211-122442-0053.flac,1.4607027649402358,tr/DKITCHEN_00_013sp08.wav,0.7384913745971252
5393-19219-0022,train-clean-100/5393/19219/5393-19219-0022.flac,0.9797066719265758,tr/PCAFETER_00_014.wav,0.37004869253346057
3214-167602-0001,train-clean-100/3214/167602/3214-167602-0001.flac,0.916567871511993,tr/DKITCHEN_00_026sp12.wav,0.8151898077740632
118-47824-0040,train-clean-100/118/47824/118-47824-0040.flac,1.2870093596663341,tr/TMETRO_00_014sp08.wav,0.4132195776804732
5456-58161-0019,train-clean-100/5456/58161/5456-58161-0019.flac,0.9651592793265825,tr/TCAR_00_005sp12.wav,0.3816136677665539
211-122425-0071,train-clean-100/211/122425/211-122425-0071.flac,1.3099403201595226,tr/DLIVING_00_002sp12.wav,0.6271968348556248
5808-54425-0038,train-clean-100/5808/54425/5808-54425-0038.flac,1.0434496566069862,tr/OMEETING_00_028sp08.wav,0.3341620635988965
3242-8112-0038,train-clean-100/3242/8112/3242-8112-0038.flac,1.0133840866169834,tr/NFIELD_00_014.wav,0.47695995298985167
6531-61334-0100,train-clean-100/6531/61334/6531-61334-0100.flac,1.059153530489853,tr/OMEETING_00_009sp08.wav,0.7632801132285504
2391-145015-0077,train-clean-100/2391/145015/2391-145015-0077.flac,0.843503512026927,tr/DKITCHEN_00_008sp12.wav,0.613548460539008
3982-182255-0000,train-clean-100/3982/182255/3982-182255-0000.flac,1.32168942167282,tr/NRIVER_00_005sp12.wav,0.7205055376406413
7859-102519-0019,train-clean-100/7859/102519/7859-102519-0019.flac,1.622622516353762,tr/PRESTO_00_007sp08.wav,0.5810261085518543
3440-171009-0062,train-clean-100/3440/171009/3440-171009-0062.flac,1.592304342932789,tr/NRIVER_00_023sp08.wav,0.7988301873209324
118-47824-0025,train-clean-100/118/47824/118-47824-0025.flac,1.704484296031391,tr/OMEETING_00_035.wav,0.3731125938165015
5789-70653-0013,train-clean-100/5789/70653/5789-70653-0013.flac,1.0041026246072358,tr/DWASHING_00_009sp08.wav,0.6258682750933144
2817-142371-0036,train-clean-100/2817/142371/2817-142371-0036.flac,1.6378065495633525,tr/STRAFFIC_00_035sp08.wav,0.635037310432232
3982-178459-0012,train-clean-100/3982/178459/3982-178459-0012.flac,1.0483216554894952,tr/TMETRO_00_015sp08.wav,0.3789265927067024
8312-279790-0021,train-clean-100/8312/279790/8312-279790-0021.flac,1.571208930476626,tr/STRAFFIC_00_029.wav,0.8070659005749397
125-121342-0023,train-clean-100/125/121342/125-121342-0023.flac,0.9277256261072298,tr/DLIVING_00_016sp12.wav,0.7390691863189828
5561-41615-0017,train-clean-100/5561/41615/5561-41615-0017.flac,1.0268889066237357,tr/NRIVER_00_030sp08.wav,0.3697340386007643
6925-80680-0063,train-clean-100/6925/80680/6925-80680-0063.flac,1.5311367306688457,tr/PSTATION_00_015.wav,0.6483947890176975
27-123349-0025,train-clean-100/27/123349/27-123349-0025.flac,1.4676113066254677,tr/TCAR_00_030sp08.wav,0.5589353652101869
3112-9555-0036,train-clean-100/3112/9555/3112-9555-0036.flac,1.009939709416483,tr/TCAR_00_017.wav,0.4949013264071388
4680-16041-0003,train-clean-100/4680/16041/4680-16041-0003.flac,1.416499945409485,tr/TBUS_00_027sp12.wav,0.7468383945706402
307-127539-0005,train-clean-100/307/127539/307-127539-0005.flac,1.3617609113048528,tr/DWASHING_00_012sp12.wav,0.7308275785109939
4014-186175-0008,train-clean-100/4014/186175/4014-186175-0008.flac,1.8710279994131125,tr/DLIVING_00_031sp12.wav,0.44369759600903813
3112-9554-0023,train-clean-100/3112/9554/3112-9554-0023.flac,1.2165507852851687,tr/DLIVING_00_025sp08.wav,0.611567617479593
3879-173592-0035,train-clean-100/3879/173592/3879-173592-0035.flac,0.9666355189390915,tr/NPARK_00_025sp12.wav,0.5961358866235703
4014-186176-0000,train-clean-100/4014/186176/4014-186176-0000.flac,1.5065217411239706,tr/STRAFFIC_00_034.wav,0.4104609818172916
6925-80680-0016,train-clean-100/6925/80680/6925-80680-0016.flac,1.0720293539754786,tr/TCAR_00_021sp08.wav,0.5017886604354357
3830-12535-0004,train-clean-100/3830/12535/3830-12535-0004.flac,1.76704858256596,tr/PCAFETER_00_002.wav,0.4820980602056707
2843-152918-0008,train-clean-100/2843/152918/2843-152918-0008.flac,0.7962692684442112,tr/PCAFETER_00_020.wav,0.7423467227024821
8088-284756-0090,train-clean-100/8088/284756/8088-284756-0090.flac,0.8552314338842003,tr/TCAR_00_008.wav,0.4870411977852045
3168-173565-0046,train-clean-100/3168/173565/3168-173565-0046.flac,1.767770243027562,tr/DKITCHEN_00_004.wav,0.6476584644437151
1183-133256-0003,train-clean-100/1183/133256/1183-133256-0003.flac,1.0108651070221546,tr/DLIVING_00_004sp08.wav,0.3519054122563533
1447-130552-0007,train-clean-100/1447/130552/1447-130552-0007.flac,0.8367782830535342,tr/DKITCHEN_00_017sp12.wav,0.7996681861783282
211-122442-0035,train-clean-100/211/122442/211-122442-0035.flac,1.7146890777969492,tr/TMETRO_00_032sp08.wav,0.3841316498372527
6078-54013-0002,train-clean-100/6078/54013/6078-54013-0002.flac,0.8720917414878316,tr/NPARK_00_001sp12.wav,0.647365748274839
1183-128659-0001,train-clean-100/1183/128659/1183-128659-0001.flac,1.2056488813289654,tr/PRESTO_00_023sp08.wav,0.7827583385251073
6367-74004-0023,train-clean-100/6367/74004/6367-74004-0023.flac,1.4414050703845425,tr/DLIVING_00_021sp12.wav,0.3372795789169618
1898-145715-0035,train-clean-100/1898/145715/1898-145715-0035.flac,1.412961115212925,tr/STRAFFIC_00_009.wav,0.361183715185589
6531-61334-0068,train-clean-100/6531/61334/6531-61334-0068.flac,0.8440365784878593,tr/DWASHING_00_022sp12.wav,0.4178725373827048
2136-5143-0035,train-clean-100/2136/5143/2136-5143-0035.flac,1.0002969656533476,tr/OHALLWAY_00_018sp12.wav,0.7278334360614417
6081-41997-0000,train-clean-100/6081/41997/6081-41997-0000.flac,1.1131008305369234,tr/OOFFICE_00_020sp12.wav,0.7940314654133215
1926-143879-0002,train-clean-100/1926/143879/1926-143879-0002.flac,0.9989527763318248,tr/PCAFETER_00_005sp12.wav,0.42139838884981645
27-124992-0006,train-clean-100/27/124992/27-124992-0006.flac,0.8308678596399981,tr/PCAFETER_00_031sp08.wav,0.7366849267111061
4088-158077-0048,train-clean-100/4088/158077/4088-158077-0048.flac,1.0193599197144874,tr/OOFFICE_00_003.wav,0.5155241280200207
125-121124-0012,train-clean-100/125/121124/125-121124-0012.flac,1.4985489240161876,tr/PSTATION_00_011sp12.wav,0.35049254458569595
4051-11218-0000,train-clean-100/4051/11218/4051-11218-0000.flac,0.8813054982397088,tr/PSTATION_00_015sp08.wav,0.35589393084158877
8238-274553-0053,train-clean-100/8238/274553/8238-274553-0053.flac,1.6713039908604552,tr/PCAFETER_00_029sp08.wav,0.4867080294081285
1578-6379-0025,train-clean-100/1578/6379/1578-6379-0025.flac,1.701781962592506,tr/PCAFETER_00_000sp08.wav,0.33858498479204274
4051-11217-0009,train-clean-100/4051/11217/4051-11217-0009.flac,1.8222680058836909,tr/STRAFFIC_00_006.wav,0.7047112946035978
6415-116629-0018,train-clean-100/6415/116629/6415-116629-0018.flac,1.0965696410804784,tr/STRAFFIC_00_011sp08.wav,0.7601502196371064
27-124992-0057,train-clean-100/27/124992/27-124992-0057.flac,0.9846413472527771,tr/SPSQUARE_00_036sp08.wav,0.3827676912186673
200-126784-0011,train-clean-100/200/126784/200-126784-0011.flac,0.8513123654829561,tr/TBUS_00_004.wav,0.4304497424619094
4406-16882-0057,train-clean-100/4406/16882/4406-16882-0057.flac,1.0595729434053338,tr/NPARK_00_030.wav,0.6049587074539917
3830-12531-0031,train-clean-100/3830/12531/3830-12531-0031.flac,1.195735841177492,tr/NFIELD_00_020sp12.wav,0.7210188656006962
3240-131231-0006,train-clean-100/3240/131231/3240-131231-0006.flac,1.720063684036743,tr/DKITCHEN_00_003sp08.wav,0.4628882487445644
1737-146161-0013,train-clean-100/1737/146161/1737-146161-0013.flac,0.9101258151360306,tr/TCAR_00_012sp12.wav,0.4947033263071896
730-359-0013,train-clean-100/730/359/730-359-0013.flac,1.2744121163312336,tr/TBUS_00_009.wav,0.36510793103402994
39-121914-0056,train-clean-100/39/121914/39-121914-0056.flac,1.3774636613414286,tr/SPSQUARE_00_008.wav,0.7101700481566507
4859-29340-0038,train-clean-100/4859/29340/4859-29340-0038.flac,1.8324284579007573,tr/DLIVING_00_000sp08.wav,0.4446561054735238
1081-125237-0094,train-clean-100/1081/125237/1081-125237-0094.flac,1.2093004807030852,tr/OHALLWAY_00_022sp12.wav,0.5490201921517465
27-124992-0004,train-clean-100/27/124992/27-124992-0004.flac,0.7825719148246059,tr/STRAFFIC_00_010.wav,0.5225166522865076
1246-135815-0022,train-clean-100/1246/135815/1246-135815-0022.flac,1.355000988462185,tr/NFIELD_00_029sp12.wav,0.651813309221888
200-124140-0012,train-clean-100/200/124140/200-124140-0012.flac,0.9489342012610043,tr/TBUS_00_017.wav,0.7409419762865396
1737-142397-0027,train-clean-100/1737/142397/1737-142397-0027.flac,1.06547432673131,tr/SPSQUARE_00_021.wav,0.7609589110383544
7447-91186-0008,train-clean-100/7447/91186/7447-91186-0008.flac,1.6086010346564104,tr/PRESTO_00_032sp12.wav,0.40765215586945047
6081-42010-0032,train-clean-100/6081/42010/6081-42010-0032.flac,1.0158862422337174,tr/OHALLWAY_00_005sp08.wav,0.4953293102134119
6531-61334-0079,train-clean-100/6531/61334/6531-61334-0079.flac,1.0104313766167456,tr/OHALLWAY_00_009sp12.wav,0.7818015360869993
7800-283478-0018,train-clean-100/7800/283478/7800-283478-0018.flac,0.9460650756691541,tr/PCAFETER_00_010sp08.wav,0.6582003765652156
2002-139469-0040,train-clean-100/2002/139469/2002-139469-0040.flac,1.3537701356686715,tr/TMETRO_00_017sp08.wav,0.5892892710963683
5339-14133-0054,train-clean-100/5339/14133/5339-14133-0054.flac,1.2695748771228597,tr/TMETRO_00_019sp12.wav,0.45219257610895214
1034-121119-0067,train-clean-100/1034/121119/1034-121119-0067.flac,0.9214167116729552,tr/TBUS_00_034sp08.wav,0.41281926450673534
5652-19215-0016,train-clean-100/5652/19215/5652-19215-0016.flac,1.6010805961952186,tr/OOFFICE_00_003sp12.wav,0.45990755372144526
5192-19397-0057,train-clean-100/5192/19397/5192-19397-0057.flac,0.8871120300447748,tr/NPARK_00_028sp12.wav,0.6755547978823835
5049-25947-0004,train-clean-100/5049/25947/5049-25947-0004.flac,1.726081381770133,tr/TCAR_00_025sp08.wav,0.804808009667092
7278-104730-0012,train-clean-100/7278/104730/7278-104730-0012.flac,1.2306859313141447,tr/TMETRO_00_013.wav,0.4970658288334962
2843-152918-0034,train-clean-100/2843/152918/2843-152918-0034.flac,0.7649801759281145,tr/PCAFETER_00_026sp08.wav,0.623116199011691
1455-138263-0013,train-clean-100/1455/138263/1455-138263-0013.flac,0.826836837883847,tr/NRIVER_00_017sp08.wav,0.6740073039794403
7148-7763-0019,train-clean-100/7148/7763/7148-7763-0019.flac,1.8040165016662895,tr/NRIVER_00_021sp08.wav,0.8202058943542255
5049-25947-0111,train-clean-100/5049/25947/5049-25947-0111.flac,1.223349029420127,tr/NRIVER_00_016sp12.wav,0.5992825395653143
6385-220959-0042,train-clean-100/6385/220959/6385-220959-0042.flac,1.8154419239605415,tr/DKITCHEN_00_023sp08.wav,0.48614009132770836
625-132112-0004,train-clean-100/625/132112/625-132112-0004.flac,0.8577327495860919,tr/OOFFICE_00_008sp08.wav,0.7867409593006035
1447-130550-0021,train-clean-100/1447/130550/1447-130550-0021.flac,0.7801990910005236,tr/STRAFFIC_00_021sp08.wav,0.6778650861895372
2002-139469-0115,train-clean-100/2002/139469/2002-139469-0115.flac,0.8567538497377036,tr/NFIELD_00_007sp12.wav,0.7124372961308507
5049-25947-0061,train-clean-100/5049/25947/5049-25947-0061.flac,1.4501993071621408,tr/DKITCHEN_00_005sp08.wav,0.5615730700513334
8609-262281-0014,train-clean-100/8609/262281/8609-262281-0014.flac,1.6476353009534084,tr/NRIVER_00_008.wav,0.7890166768069151
5750-100289-0042,train-clean-100/5750/100289/5750-100289-0042.flac,1.45743727660913,tr/DKITCHEN_00_013sp12.wav,0.6265588195470191
4051-11217-0015,train-clean-100/4051/11217/4051-11217-0015.flac,0.8894483791923097,tr/TMETRO_00_003.wav,0.5337955789400143
6531-61334-0103,train-clean-100/6531/61334/6531-61334-0103.flac,1.5135721264827442,tr/OHALLWAY_00_025sp08.wav,0.849063275578685
3112-9555-0033,train-clean-100/3112/9555/3112-9555-0033.flac,0.9460356275196597,tr/SPSQUARE_00_036.wav,0.6387069868860367
40-121026-0009,train-clean-100/40/121026/40-121026-0009.flac,1.5787725975887945,tr/STRAFFIC_00_006sp08.wav,0.38256745814158233
118-47824-0015,train-clean-100/118/47824/118-47824-0015.flac,0.8900018807082841,tr/NRIVER_00_015sp08.wav,0.7474802300541715
118-47824-0065,train-clean-100/118/47824/118-47824-0065.flac,1.5499963789859126,tr/PSTATION_00_034.wav,0.6508837734897294
307-127535-0017,train-clean-100/307/127535/307-127535-0017.flac,0.8601382114052598,tr/TBUS_00_020sp08.wav,0.4644549119240212
1183-128659-0014,train-clean-100/1183/128659/1183-128659-0014.flac,1.6103168223871456,tr/NFIELD_00_000.wav,0.5264178162983413
2911-12359-0010,train-clean-100/2911/12359/2911-12359-0010.flac,1.141608431638423,tr/DLIVING_00_012.wav,0.41950788586751137
6531-61334-0076,train-clean-100/6531/61334/6531-61334-0076.flac,1.0473795830388573,tr/PSTATION_00_007.wav,0.8175757764261381
5561-39621-0035,train-clean-100/5561/39621/5561-39621-0035.flac,1.064302884066351,tr/TMETRO_00_010sp12.wav,0.3985455759890485
2893-139310-0014,train-clean-100/2893/139310/2893-139310-0014.flac,1.238400447400333,tr/PCAFETER_00_020sp08.wav,0.38832557529940837
2911-12359-0006,train-clean-100/2911/12359/2911-12359-0006.flac,0.8384551004558386,tr/SPSQUARE_00_007.wav,0.40028110711090825
1867-154071-0004,train-clean-100/1867/154071/1867-154071-0004.flac,1.0378594454457488,tr/TCAR_00_006.wav,0.3809533204673267
1116-132847-0001,train-clean-100/1116/132847/1116-132847-0001.flac,0.9742001852232626,tr/OHALLWAY_00_031sp12.wav,0.5780026723596342
5688-41232-0052,train-clean-100/5688/41232/5688-41232-0052.flac,1.398561783872798,tr/PCAFETER_00_024.wav,0.5460686836858896
5750-35690-0026,train-clean-100/5750/35690/5750-35690-0026.flac,1.1349928008882608,tr/TCAR_00_029.wav,0.6842875319961013
125-121124-0088,train-clean-100/125/121124/125-121124-0088.flac,1.6034806787857852,tr/NFIELD_00_019sp12.wav,0.38087166560029423
211-122442-0029,train-clean-100/211/122442/211-122442-0029.flac,1.7906379293270702,tr/OOFFICE_00_014.wav,0.6711870677372781
201-122255-0044,train-clean-100/201/122255/201-122255-0044.flac,1.0439451975993221,tr/NRIVER_00_003.wav,0.3468439737807937
2136-5143-0034,train-clean-100/2136/5143/2136-5143-0034.flac,0.9825818284189352,tr/PCAFETER_00_014sp08.wav,0.41101579086335976
3664-178355-0019,train-clean-100/3664/178355/3664-178355-0019.flac,1.665047904778567,tr/NRIVER_00_014.wav,0.6924558150967509
2989-138035-0031,train-clean-100/2989/138035/2989-138035-0031.flac,1.6733487062297983,tr/OHALLWAY_00_021.wav,0.41299890848693516
2007-149877-0016,train-clean-100/2007/149877/2007-149877-0016.flac,0.7852458851355055,tr/PCAFETER_00_033.wav,0.7867299604677594
6531-61334-0054,train-clean-100/6531/61334/6531-61334-0054.flac,1.4254920334873347,tr/DLIVING_00_012sp12.wav,0.4632207073143562
83-9960-0024,train-clean-100/83/9960/83-9960-0024.flac,1.7187523123793595,tr/PRESTO_00_006sp08.wav,0.354619071349091
1098-133695-0080,train-clean-100/1098/133695/1098-133695-0080.flac,1.373171402936671,tr/NPARK_00_010sp08.wav,0.39652036325683115
8324-286683-0012,train-clean-100/8324/286683/8324-286683-0012.flac,0.9850602419162219,tr/OOFFICE_00_006sp12.wav,0.3785939396116271
2391-145015-0072,train-clean-100/2391/145015/2391-145015-0072.flac,0.9028843136256837,tr/NFIELD_00_024sp08.wav,0.49541598496794803
4853-27671-0027,train-clean-100/4853/27671/4853-27671-0027.flac,1.7393225447163394,tr/TBUS_00_006sp12.wav,0.7657576076711745
730-360-0042,train-clean-100/730/360/730-360-0042.flac,0.9398915812170363,tr/STRAFFIC_00_005sp08.wav,0.8176945406554974
3879-173592-0030,train-clean-100/3879/173592/3879-173592-0030.flac,1.1316952790346595,tr/NRIVER_00_036sp08.wav,0.652595924898575
27-124992-0051,train-clean-100/27/124992/27-124992-0051.flac,1.6003555013288389,tr/PRESTO_00_005.wav,0.38814548703670226
1594-135914-0055,train-clean-100/1594/135914/1594-135914-0055.flac,1.0793504717197566,tr/NFIELD_00_018sp08.wav,0.5159552509930708
6476-57446-0045,train-clean-100/6476/57446/6476-57446-0045.flac,1.0832587834811076,tr/TBUS_00_030sp12.wav,0.500053495529795
1116-132847-0021,train-clean-100/1116/132847/1116-132847-0021.flac,0.9206247340311687,tr/PRESTO_00_036sp12.wav,0.33997846725603714
7302-86815-0036,train-clean-100/7302/86815/7302-86815-0036.flac,1.6107432480092565,tr/OHALLWAY_00_033sp12.wav,0.368716626574101
1363-135842-0037,train-clean-100/1363/135842/1363-135842-0037.flac,0.8230181807609909,tr/PCAFETER_00_022sp08.wav,0.3839023391087729
8238-274553-0041,train-clean-100/8238/274553/8238-274553-0041.flac,1.8574393202741706,tr/NFIELD_00_026sp12.wav,0.35328005685015434
6531-61334-0064,train-clean-100/6531/61334/6531-61334-0064.flac,0.9008930456203901,tr/PRESTO_00_015sp08.wav,0.38923674393573465
3259-158083-0032,train-clean-100/3259/158083/3259-158083-0032.flac,1.0419652291907475,tr/OOFFICE_00_003sp08.wav,0.607619143689696
6078-54013-0037,train-clean-100/6078/54013/6078-54013-0037.flac,0.9853476667376222,tr/NFIELD_00_017sp08.wav,0.5007343487381101
1624-168623-0019,train-clean-100/1624/168623/1624-168623-0019.flac,1.4372876570935689,tr/OMEETING_00_036sp12.wav,0.45126905663780936
211-122425-0024,train-clean-100/211/122425/211-122425-0024.flac,1.1262730306849686,tr/PCAFETER_00_007sp08.wav,0.4182539411358178
4014-186183-0017,train-clean-100/4014/186183/4014-186183-0017.flac,0.8929255814181959,tr/NPARK_00_036sp08.wav,0.49937987972908443
83-11691-0037,train-clean-100/83/11691/83-11691-0037.flac,1.7196629855762202,tr/TBUS_00_023.wav,0.48595701968528465
5789-57195-0035,train-clean-100/5789/57195/5789-57195-0035.flac,1.6294017224288602,tr/TMETRO_00_032.wav,0.48012436926951907
7278-104730-0016,train-clean-100/7278/104730/7278-104730-0016.flac,0.8653570510379935,tr/DLIVING_00_024sp08.wav,0.7899513188246202
211-122425-0057,train-clean-100/211/122425/211-122425-0057.flac,1.6967814016855434,tr/OHALLWAY_00_018.wav,0.5274133317044679
8226-274371-0045,train-clean-100/8226/274371/8226-274371-0045.flac,1.3644417636516575,tr/STRAFFIC_00_020sp12.wav,0.5010930427738797
3526-176653-0018,train-clean-100/3526/176653/3526-176653-0018.flac,0.8494382244132181,tr/STRAFFIC_00_033.wav,0.3352023984366271
5049-25947-0011,train-clean-100/5049/25947/5049-25947-0011.flac,1.4320661609049565,tr/TMETRO_00_024.wav,0.511226427263698
3857-182315-0022,train-clean-100/3857/182315/3857-182315-0022.flac,0.9596855074091906,tr/TMETRO_00_022.wav,0.8119288123276791
1963-147036-0002,train-clean-100/1963/147036/1963-147036-0002.flac,0.8099932785420926,tr/NFIELD_00_032.wav,0.5771988524941821
669-129061-0003,train-clean-100/669/129061/669-129061-0003.flac,1.785150442670973,tr/STRAFFIC_00_002sp08.wav,0.645560653281003
3259-158083-0026,train-clean-100/3259/158083/3259-158083-0026.flac,0.8969576669688454,tr/PSTATION_00_033sp12.wav,0.34377934423909867
311-124404-0063,train-clean-100/311/124404/311-124404-0063.flac,0.8107671355642598,tr/NRIVER_00_010sp12.wav,0.4029743873449428
5703-47198-0059,train-clean-100/5703/47198/5703-47198-0059.flac,0.9818291009914454,tr/DKITCHEN_00_034sp12.wav,0.3849781866628314
3486-166424-0047,train-clean-100/3486/166424/3486-166424-0047.flac,1.4085400788033826,tr/DLIVING_00_022.wav,0.339653799021218
307-127535-0015,train-clean-100/307/127535/307-127535-0015.flac,1.834299939983812,tr/NRIVER_00_019sp08.wav,0.3975700402871653
8629-261139-0041,train-clean-100/8629/261139/8629-261139-0041.flac,1.5044093745103022,tr/NFIELD_00_029.wav,0.7354697896670999
8629-261140-0030,train-clean-100/8629/261140/8629-261140-0030.flac,0.8556678633828659,tr/NRIVER_00_012.wav,0.3830336925375306
8063-274115-0027,train-clean-100/8063/274115/8063-274115-0027.flac,0.9058990567432915,tr/NRIVER_00_008sp12.wav,0.6849281403771557
1867-154071-0000,train-clean-100/1867/154071/1867-154071-0000.flac,1.101925412280903,tr/TCAR_00_001sp08.wav,0.3733356363578769
3879-174923-0070,train-clean-100/3879/174923/3879-174923-0070.flac,0.9240944618950071,tr/DKITCHEN_00_007.wav,0.3971019684914762
2764-36616-0006,train-clean-100/2764/36616/2764-36616-0006.flac,0.969106294120075,tr/PSTATION_00_008.wav,0.7567626964589703
5339-14133-0047,train-clean-100/5339/14133/5339-14133-0047.flac,1.564258890055457,tr/OMEETING_00_032sp08.wav,0.43528642562654263
5339-14134-0050,train-clean-100/5339/14134/5339-14134-0050.flac,1.828243406634448,tr/NFIELD_00_029sp08.wav,0.45195111984638003
4898-28461-0065,train-clean-100/4898/28461/4898-28461-0065.flac,0.8253130229524852,tr/DWASHING_00_011sp08.wav,0.7185394887728765
7859-102519-0020,train-clean-100/7859/102519/7859-102519-0020.flac,1.8349274412402605,tr/PSTATION_00_019sp12.wav,0.39118988116212755
6209-34599-0006,train-clean-100/6209/34599/6209-34599-0006.flac,1.559832168652684,tr/TBUS_00_026.wav,0.4240420079780637
89-218-0049,train-clean-100/89/218/89-218-0049.flac,0.9448570551478019,tr/TCAR_00_000.wav,0.4506744620014769
27-124992-0015,train-clean-100/27/124992/27-124992-0015.flac,1.878391948845871,tr/DWASHING_00_013sp08.wav,0.589127090467919
4680-16042-0027,train-clean-100/4680/16042/4680-16042-0027.flac,1.6344456492587118,tr/STRAFFIC_00_025.wav,0.5940990521537903
1502-122615-0021,train-clean-100/1502/122615/1502-122615-0021.flac,0.8050710144698976,tr/PRESTO_00_010.wav,0.6351524496855598
26-495-0088,train-clean-100/26/495/26-495-0088.flac,0.8056757401530608,tr/OOFFICE_00_033sp12.wav,0.7027185397179395
460-172359-0064,train-clean-100/460/172359/460-172359-0064.flac,1.4336029850558851,tr/DWASHING_00_034sp08.wav,0.4930563250354533
4195-17507-0011,train-clean-100/4195/17507/4195-17507-0011.flac,1.4209212712556905,tr/OMEETING_00_023sp08.wav,0.6876003599600653
5049-25947-0074,train-clean-100/5049/25947/5049-25947-0074.flac,1.0809007857631796,tr/PSTATION_00_005sp12.wav,0.4299894595626781
7302-86815-0008,train-clean-100/7302/86815/7302-86815-0008.flac,1.51846578329895,tr/TMETRO_00_020sp12.wav,0.5779848641969692
2136-5143-0037,train-clean-100/2136/5143/2136-5143-0037.flac,1.6973464242922578,tr/NFIELD_00_021sp12.wav,0.48030673427096426
4680-16026-0018,train-clean-100/4680/16026/4680-16026-0018.flac,1.0508167918493627,tr/PSTATION_00_011.wav,0.43321391067308734
6925-80680-0032,train-clean-100/6925/80680/6925-80680-0032.flac,0.8465565291982377,tr/DLIVING_00_032sp12.wav,0.389415073433954
8238-274553-0051,train-clean-100/8238/274553/8238-274553-0051.flac,0.8796075336470874,tr/DLIVING_00_013sp12.wav,0.3911010561215944
7302-86815-0062,train-clean-100/7302/86815/7302-86815-0062.flac,1.6175937005601868,tr/STRAFFIC_00_013sp12.wav,0.4223655555603337
322-124147-0023,train-clean-100/322/124147/322-124147-0023.flac,1.3482946733581849,tr/DWASHING_00_018sp12.wav,0.5033748558880125
1594-135914-0103,train-clean-100/1594/135914/1594-135914-0103.flac,0.8320158508460599,tr/TBUS_00_004sp08.wav,0.5038329109204788
1898-145724-0009,train-clean-100/1898/145724/1898-145724-0009.flac,1.7767018151998393,tr/DKITCHEN_00_012.wav,0.8222580199714091
2092-145706-0059,train-clean-100/2092/145706/2092-145706-0059.flac,0.7877908944429735,tr/NPARK_00_024.wav,0.7258116248976352
445-123857-0016,train-clean-100/445/123857/445-123857-0016.flac,0.91767093005154,tr/DLIVING_00_019.wav,0.5431988336585051
5104-33406-0021,train-clean-100/5104/33406/5104-33406-0021.flac,1.1595666877168749,tr/PSTATION_00_030.wav,0.7084499603745558
2989-138035-0015,train-clean-100/2989/138035/2989-138035-0015.flac,1.2919245648826037,tr/DLIVING_00_024.wav,0.4841609165579132
5652-19215-0010,train-clean-100/5652/19215/5652-19215-0010.flac,0.8083979285227746,tr/DWASHING_00_013.wav,0.6425951621800849
7113-86041-0110,train-clean-100/7113/86041/7113-86041-0110.flac,1.318767725597214,tr/NFIELD_00_026sp08.wav,0.5409534117239123
8063-274112-0024,train-clean-100/8063/274112/8063-274112-0024.flac,0.8103426175631312,tr/DLIVING_00_018sp08.wav,0.7744644887755806
5561-41615-0048,train-clean-100/5561/41615/5561-41615-0048.flac,0.8494232817364431,tr/PRESTO_00_008.wav,0.34122191028446
229-130880-0046,train-clean-100/229/130880/229-130880-0046.flac,1.484532731059999,tr/OOFFICE_00_016sp08.wav,0.6291939574161496
1867-148436-0010,train-clean-100/1867/148436/1867-148436-0010.flac,1.169684375233757,tr/PRESTO_00_012sp08.wav,0.4601345565610935
4088-158077-0006,train-clean-100/4088/158077/4088-158077-0006.flac,1.8719048178185929,tr/NRIVER_00_002sp12.wav,0.5495037897310697
460-172359-0065,train-clean-100/460/172359/460-172359-0065.flac,0.8410239359573811,tr/TBUS_00_006.wav,0.7401997312487922
7278-104730-0042,train-clean-100/7278/104730/7278-104730-0042.flac,0.9056413115150203,tr/NPARK_00_034.wav,0.4338349591730459
1737-146161-0010,train-clean-100/1737/146161/1737-146161-0010.flac,1.7701333175366953,tr/OHALLWAY_00_017sp08.wav,0.38565948052348487
7178-34645-0029,train-clean-100/7178/34645/7178-34645-0029.flac,0.7764191418663846,tr/PCAFETER_00_007sp12.wav,0.695005736090077
4859-29340-0022,train-clean-100/4859/29340/4859-29340-0022.flac,0.8282381455749138,tr/DKITCHEN_00_026.wav,0.7172610888233149
4018-107338-0002,train-clean-100/4018/107338/4018-107338-0002.flac,0.7856676087133647,tr/STRAFFIC_00_001sp12.wav,0.3748194545704408
254-12312-0000,train-clean-100/254/12312/254-12312-0000.flac,0.9318079359449977,tr/DWASHING_00_032sp12.wav,0.37645139896875807
5688-15787-0040,train-clean-100/5688/15787/5688-15787-0040.flac,1.0568578157838957,tr/STRAFFIC_00_019sp12.wav,0.6713645751093958
2518-154826-0045,train-clean-100/2518/154826/2518-154826-0045.flac,1.817551651075103,tr/PSTATION_00_029sp08.wav,0.5315530974119982
2989-138035-0053,train-clean-100/2989/138035/2989-138035-0053.flac,1.387461619925684,tr/NPARK_00_028sp08.wav,0.5047520776111611
1502-122615-0027,train-clean-100/1502/122615/1502-122615-0027.flac,0.8453896868827762,tr/TCAR_00_023sp08.wav,0.7884378884298485
4441-76263-0012,train-clean-100/4441/76263/4441-76263-0012.flac,1.8487548284868243,tr/TCAR_00_026sp08.wav,0.6709994172098874
6000-55211-0010,train-clean-100/6000/55211/6000-55211-0010.flac,1.8065252349362906,tr/NRIVER_00_034sp12.wav,0.37609085169794876
446-123502-0049,train-clean-100/446/123502/446-123502-0049.flac,0.9482399786975994,tr/NFIELD_00_022sp12.wav,0.533302025537628
5456-24741-0018,train-clean-100/5456/24741/5456-24741-0018.flac,0.8449936341016961,tr/OHALLWAY_00_014.wav,0.566128181963288
254-127705-0021,train-clean-100/254/127705/254-127705-0021.flac,1.8211518109317886,tr/NPARK_00_012sp08.wav,0.6121027841138198
481-123720-0039,train-clean-100/481/123720/481-123720-0039.flac,0.920922735925546,tr/OMEETING_00_036.wav,0.4705045808614834
2911-12359-0009,train-clean-100/2911/12359/2911-12359-0009.flac,1.7858618663470553,tr/NPARK_00_023.wav,0.34109618759912624
696-93314-0064,train-clean-100/696/93314/696-93314-0064.flac,1.741910381484416,tr/TBUS_00_026sp12.wav,0.7020577072395232
3526-175658-0012,train-clean-100/3526/175658/3526-175658-0012.flac,1.643912314754146,tr/TBUS_00_001.wav,0.5941556700087127
39-121916-0026,train-clean-100/39/121916/39-121916-0026.flac,1.868064084895121,tr/TCAR_00_013sp08.wav,0.7312250542606273
2911-12359-0013,train-clean-100/2911/12359/2911-12359-0013.flac,0.849108329420829,tr/PCAFETER_00_001sp12.wav,0.6149616622829648
211-122442-0048,train-clean-100/211/122442/211-122442-0048.flac,0.9970131427955448,tr/DKITCHEN_00_020sp12.wav,0.38136104332503584
1624-142933-0000,train-clean-100/1624/142933/1624-142933-0000.flac,1.5859570489300687,tr/TCAR_00_025sp12.wav,0.626177078883031
2843-152918-0073,train-clean-100/2843/152918/2843-152918-0073.flac,1.866139729213811,tr/DLIVING_00_005sp08.wav,0.6422459077785814
302-123523-0021,train-clean-100/302/123523/302-123523-0021.flac,1.2099508567428263,tr/OOFFICE_00_020.wav,0.50172797512655
1898-145720-0012,train-clean-100/1898/145720/1898-145720-0012.flac,1.436232344205022,tr/SPSQUARE_00_011.wav,0.3404975266929312
5104-33406-0018,train-clean-100/5104/33406/5104-33406-0018.flac,1.082321022910265,tr/STRAFFIC_00_000sp12.wav,0.6598327604663013
6385-220959-0000,train-clean-100/6385/220959/6385-220959-0000.flac,0.8809557463910415,tr/DKITCHEN_00_033.wav,0.6161212714732998
211-122442-0081,train-clean-100/211/122442/211-122442-0081.flac,1.1536401134713543,tr/OOFFICE_00_029.wav,0.6468574475800095
7635-105409-0050,train-clean-100/7635/105409/7635-105409-0050.flac,1.7159032474587,tr/DKITCHEN_00_005.wav,0.4326076443253257
5192-19396-0005,train-clean-100/5192/19396/5192-19396-0005.flac,0.8462599806893017,tr/TCAR_00_023sp12.wav,0.407023435989955
1455-134435-0073,train-clean-100/1455/134435/1455-134435-0073.flac,1.584740671760547,tr/TMETRO_00_020.wav,0.3438458532446605
8063-274117-0000,train-clean-100/8063/274117/8063-274117-0000.flac,0.7877536376258581,tr/SPSQUARE_00_017.wav,0.7959615250741339
60-121082-0085,train-clean-100/60/121082/60-121082-0085.flac,1.1667806979148176,tr/TCAR_00_011sp12.wav,0.5895905592934281
696-93314-0016,train-clean-100/696/93314/696-93314-0016.flac,1.6184800141012194,tr/PCAFETER_00_023sp08.wav,0.5093671766064706
3723-171631-0027,train-clean-100/3723/171631/3723-171631-0027.flac,1.0723102560287587,tr/TCAR_00_012.wav,0.7311187185210452
1098-133695-0067,train-clean-100/1098/133695/1098-133695-0067.flac,1.5592223708734798,tr/TMETRO_00_028.wav,0.5925741387984854
8975-270782-0035,train-clean-100/8975/270782/8975-270782-0035.flac,1.8038842768711465,tr/DWASHING_00_001.wav,0.5242152490741752
5456-62014-0016,train-clean-100/5456/62014/5456-62014-0016.flac,1.4011924854611058,tr/SPSQUARE_00_032sp08.wav,0.8085415648123125
1970-28415-0030,train-clean-100/1970/28415/1970-28415-0030.flac,1.0520657686098311,tr/PCAFETER_00_024sp08.wav,0.46498492662657387
1116-132851-0016,train-clean-100/1116/132851/1116-132851-0016.flac,0.8308774599451462,tr/NFIELD_00_015sp08.wav,0.4483345442387901
27-124992-0029,train-clean-100/27/124992/27-124992-0029.flac,0.9739060826056353,tr/OHALLWAY_00_032sp12.wav,0.41735307113625575
4813-248638-0039,train-clean-100/4813/248638/4813-248638-0039.flac,0.966838280051085,tr/DWASHING_00_022sp08.wav,0.4321729803047333
8088-284756-0037,train-clean-100/8088/284756/8088-284756-0037.flac,1.2848760680930842,tr/NFIELD_00_022sp08.wav,0.517780197843924
3240-131232-0001,train-clean-100/3240/131232/3240-131232-0001.flac,1.2702607431006254,tr/PCAFETER_00_023sp12.wav,0.7394180204941306
3982-178459-0004,train-clean-100/3982/178459/3982-178459-0004.flac,0.969289991156455,tr/PRESTO_00_014sp08.wav,0.6268341678075126
1098-133695-0086,train-clean-100/1098/133695/1098-133695-0086.flac,1.322183445315338,tr/STRAFFIC_00_012sp12.wav,0.41402101876057035
625-132112-0031,train-clean-100/625/132112/625-132112-0031.flac,0.7990917139343103,tr/STRAFFIC_00_004.wav,0.49717977700313604
5514-19192-0026,train-clean-100/5514/19192/5514-19192-0026.flac,1.3292145752684597,tr/OHALLWAY_00_019sp12.wav,0.5665493256427458
87-121553-0077,train-clean-100/87/121553/87-121553-0077.flac,1.7330219906512274,tr/TCAR_00_036.wav,0.7300977548223003
7635-105661-0048,train-clean-100/7635/105661/7635-105661-0048.flac,1.6650451633515384,tr/NFIELD_00_024.wav,0.5400183875879903
730-358-0054,train-clean-100/730/358/730-358-0054.flac,1.1925903166758751,tr/NFIELD_00_010sp12.wav,0.6500896728319552
2136-5147-0037,train-clean-100/2136/5147/2136-5147-0037.flac,1.7315070269919326,tr/NFIELD_00_014sp12.wav,0.3419720303974269
4441-76263-0035,train-clean-100/4441/76263/4441-76263-0035.flac,1.597884485729688,tr/NFIELD_00_034sp12.wav,0.39959319360969087
6019-3185-0030,train-clean-100/6019/3185/6019-3185-0030.flac,1.1014323977959084,tr/DWASHING_00_000.wav,0.3461660069316537
3168-173565-0035,train-clean-100/3168/173565/3168-173565-0035.flac,0.7977925763722328,tr/STRAFFIC_00_012sp08.wav,0.7894518723380813
226-131532-0034,train-clean-100/226/131532/226-131532-0034.flac,1.4257161343733769,tr/NPARK_00_030sp08.wav,0.44312954578083247
4859-22176-0022,train-clean-100/4859/22176/4859-22176-0022.flac,1.2331515077136648,tr/NRIVER_00_022.wav,0.49265885251042846
4137-11701-0016,train-clean-100/4137/11701/4137-11701-0016.flac,1.5959278753403454,tr/STRAFFIC_00_011sp12.wav,0.3560703973503822
426-122819-0015,train-clean-100/426/122819/426-122819-0015.flac,0.929092700711951,tr/NPARK_00_010sp12.wav,0.43613860127599496
1841-179183-0009,train-clean-100/1841/179183/1841-179183-0009.flac,1.6414440578029383,tr/DKITCHEN_00_015sp08.wav,0.6426176661700898
445-123860-0023,train-clean-100/445/123860/445-123860-0023.flac,1.0184353423259465,tr/OOFFICE_00_035sp08.wav,0.4930061067379316
7148-82991-0012,train-clean-100/7148/82991/7148-82991-0012.flac,0.8658892189127065,tr/OOFFICE_00_028sp12.wav,0.5105206661832555
27-124992-0039,train-clean-100/27/124992/27-124992-0039.flac,0.8767180201218691,tr/PRESTO_00_012.wav,0.7424872517397927
118-121721-0023,train-clean-100/118/121721/118-121721-0023.flac,1.4986072129324528,tr/NFIELD_00_007.wav,0.6950070911017071
3242-67153-0011,train-clean-100/3242/67153/3242-67153-0011.flac,0.8462043136050253,tr/PSTATION_00_002sp12.wav,0.4283970867618695
5750-35690-0030,train-clean-100/5750/35690/5750-35690-0030.flac,1.406969986980928,tr/OHALLWAY_00_017sp12.wav,0.386070614411896
3240-131231-0051,train-clean-100/3240/131231/3240-131231-0051.flac,1.4843986410046863,tr/TCAR_00_006sp08.wav,0.6804731540661451
5652-19215-0033,train-clean-100/5652/19215/5652-19215-0033.flac,0.7809741266083075,tr/NFIELD_00_005.wav,0.6187419181808859
4014-186179-0044,train-clean-100/4014/186179/4014-186179-0044.flac,1.0051367905723083,tr/TBUS_00_011sp08.wav,0.4044041998963636
4441-76263-0008,train-clean-100/4441/76263/4441-76263-0008.flac,1.3994709795861786,tr/NPARK_00_026.wav,0.5319056237375857
83-11691-0013,train-clean-100/83/11691/83-11691-0013.flac,0.9520406156859536,tr/TCAR_00_014.wav,0.6357918967524778
909-131044-0000,train-clean-100/909/131044/909-131044-0000.flac,1.6020870679401005,tr/STRAFFIC_00_010sp08.wav,0.6752008506664556
3214-167607-0009,train-clean-100/3214/167607/3214-167607-0009.flac,0.903526469268542,tr/NRIVER_00_017.wav,0.5217060574070526
2910-131096-0028,train-clean-100/2910/131096/2910-131096-0028.flac,1.422114636597167,tr/PSTATION_00_014sp08.wav,0.4336123381061183
625-132112-0053,train-clean-100/625/132112/625-132112-0053.flac,1.349637505456605,tr/PCAFETER_00_020sp12.wav,0.4240520396441885
4014-186183-0027,train-clean-100/4014/186183/4014-186183-0027.flac,0.7898346483342044,tr/NFIELD_00_024sp12.wav,0.7077014746316377
125-121124-0078,train-clean-100/125/121124/125-121124-0078.flac,1.4355233995481718,tr/OHALLWAY_00_032sp08.wav,0.551333345216549
27-124992-0022,train-clean-100/27/124992/27-124992-0022.flac,0.9358118781687147,tr/DLIVING_00_010sp08.wav,0.8213012754480805
2289-152257-0006,train-clean-100/2289/152257/2289-152257-0006.flac,1.558875754731001,tr/OHALLWAY_00_020sp12.wav,0.3443182446708343
39-121915-0007,train-clean-100/39/121915/39-121915-0007.flac,1.6816470890477715,tr/DKITCHEN_00_019sp12.wav,0.6627597108215929
3486-166446-0004,train-clean-100/3486/166446/3486-166446-0004.flac,0.8927438765102818,tr/SPSQUARE_00_021sp08.wav,0.6759690868278769
4340-15220-0098,train-clean-100/4340/15220/4340-15220-0098.flac,1.876050323412141,tr/DLIVING_00_014sp12.wav,0.5519385017152767
89-218-0015,train-clean-100/89/218/89-218-0015.flac,1.829776318303333,tr/OHALLWAY_00_033sp08.wav,0.5826399883377809
2159-179156-0031,train-clean-100/2159/179156/2159-179156-0031.flac,1.4586921157593093,tr/DLIVING_00_015.wav,0.5445765519826288
1183-133256-0009,train-clean-100/1183/133256/1183-133256-0009.flac,1.7430451727880278,tr/PRESTO_00_021sp08.wav,0.8180492548363337
1246-124548-0045,train-clean-100/1246/124548/1246-124548-0045.flac,0.8859766927043095,tr/OMEETING_00_019sp12.wav,0.7167641137702158
5393-19218-0017,train-clean-100/5393/19218/5393-19218-0017.flac,1.2168649075884503,tr/NRIVER_00_003sp08.wav,0.7679138191673608
2391-145015-0071,train-clean-100/2391/145015/2391-145015-0071.flac,0.7664089914788847,tr/TCAR_00_032sp12.wav,0.4577986627611861
4088-158077-0056,train-clean-100/4088/158077/4088-158077-0056.flac,1.316527562241619,tr/SPSQUARE_00_031sp12.wav,0.4015838446032261
7635-105409-0005,train-clean-100/7635/105409/7635-105409-0005.flac,0.7587983518044056,tr/NPARK_00_007sp12.wav,0.6670301386021086
3259-158083-0041,train-clean-100/3259/158083/3259-158083-0041.flac,1.8829427980113993,tr/OMEETING_00_034.wav,0.7923821996500874
7800-283492-0012,train-clean-100/7800/283492/7800-283492-0012.flac,1.524230047658066,tr/DWASHING_00_016sp08.wav,0.6386526752482726
7302-86814-0028,train-clean-100/7302/86814/7302-86814-0028.flac,1.569706962787579,tr/OHALLWAY_00_014sp08.wav,0.49768543972515517
8088-284756-0092,train-clean-100/8088/284756/8088-284756-0092.flac,1.352470657522731,tr/OHALLWAY_00_021sp08.wav,0.49109040342225935
7505-83618-0011,train-clean-100/7505/83618/7505-83618-0011.flac,1.0135657662660613,tr/OHALLWAY_00_032.wav,0.48809902944296474
8051-118101-0027,train-clean-100/8051/118101/8051-118101-0027.flac,0.9241755214311516,tr/PSTATION_00_020sp08.wav,0.7121162749889909
5456-24741-0015,train-clean-100/5456/24741/5456-24741-0015.flac,1.6592274374447837,tr/NRIVER_00_003sp12.wav,0.8300492234744674
4195-186236-0009,train-clean-100/4195/186236/4195-186236-0009.flac,1.3968415318139458,tr/DKITCHEN_00_012sp08.wav,0.5385249199144969
1334-135589-0030,train-clean-100/1334/135589/1334-135589-0030.flac,1.1511821552951131,tr/STRAFFIC_00_023sp12.wav,0.38083731301243656
7635-105409-0035,train-clean-100/7635/105409/7635-105409-0035.flac,1.1595284169380227,tr/TBUS_00_024sp08.wav,0.5316443847250697
2989-138035-0012,train-clean-100/2989/138035/2989-138035-0012.flac,1.0122086047611654,tr/NRIVER_00_024sp12.wav,0.6784101101909731
1034-121119-0021,train-clean-100/1034/121119/1034-121119-0021.flac,0.803549184316289,tr/NPARK_00_012.wav,0.5455604406337399
1098-133695-0082,train-clean-100/1098/133695/1098-133695-0082.flac,1.8194500712307207,tr/NRIVER_00_005.wav,0.4214466194145543
8226-274369-0045,train-clean-100/8226/274369/8226-274369-0045.flac,1.1842805990405876,tr/PCAFETER_00_008sp12.wav,0.4331068791646944
730-359-0018,train-clean-100/730/359/730-359-0018.flac,1.0398600510769658,tr/NPARK_00_029.wav,0.4137454937628473
3983-5371-0039,train-clean-100/3983/5371/3983-5371-0039.flac,1.1878889136822772,tr/DWASHING_00_012sp08.wav,0.44603725946103906
1235-135883-0014,train-clean-100/1235/135883/1235-135883-0014.flac,0.7704007953729767,tr/PCAFETER_00_003sp08.wav,0.38988066206346733
39-121914-0001,train-clean-100/39/121914/39-121914-0001.flac,1.1786593324485928,tr/PSTATION_00_011sp08.wav,0.6556636179789286
311-124404-0029,train-clean-100/311/124404/311-124404-0029.flac,0.8628010396782932,tr/DKITCHEN_00_036sp08.wav,0.6005679316472116
1898-145724-0011,train-clean-100/1898/145724/1898-145724-0011.flac,0.8210489476939864,tr/TCAR_00_034sp12.wav,0.4967007114836299
32-4137-0011,train-clean-100/32/4137/32-4137-0011.flac,0.8746751787085204,tr/TCAR_00_002.wav,0.4575448682216709
4267-78186-0029,train-clean-100/4267/78186/4267-78186-0029.flac,0.9035980544998917,tr/DKITCHEN_00_002sp08.wav,0.7712131734694361
4397-15678-0030,train-clean-100/4397/15678/4397-15678-0030.flac,0.7809861794045792,tr/NRIVER_00_034sp08.wav,0.424715202065089
32-4137-0041,train-clean-100/32/4137/32-4137-0041.flac,1.1697378086674408,tr/DKITCHEN_00_028.wav,0.47196432172606806
8425-287387-0027,train-clean-100/8425/287387/8425-287387-0027.flac,1.3735309991259788,tr/OOFFICE_00_033.wav,0.8086628729058098
2989-138028-0017,train-clean-100/2989/138028/2989-138028-0017.flac,1.5821678316016214,tr/NPARK_00_005.wav,0.36990340097664537
1455-138263-0002,train-clean-100/1455/138263/1455-138263-0002.flac,1.2970363293410516,tr/PSTATION_00_000sp12.wav,0.6302584553480507
8975-270782-0029,train-clean-100/8975/270782/8975-270782-0029.flac,1.863734297869435,tr/OMEETING_00_004sp08.wav,0.4001594351602353
5750-35690-0027,train-clean-100/5750/35690/5750-35690-0027.flac,1.0393191976148084,tr/SPSQUARE_00_024sp12.wav,0.7579613213914155
118-47824-0013,train-clean-100/118/47824/118-47824-0013.flac,1.6690881985623487,tr/TCAR_00_018.wav,0.44354797763485293
211-122442-0028,train-clean-100/211/122442/211-122442-0028.flac,1.2180192776799408,tr/NFIELD_00_013sp12.wav,0.7551125277042612
6836-61803-0043,train-clean-100/6836/61803/6836-61803-0043.flac,1.393820824283699,tr/SPSQUARE_00_031.wav,0.627273803395136
4406-16882-0032,train-clean-100/4406/16882/4406-16882-0032.flac,1.3807598182475966,tr/PRESTO_00_021sp12.wav,0.8309053796440542
2989-138035-0054,train-clean-100/2989/138035/2989-138035-0054.flac,1.2137576364749725,tr/TCAR_00_033sp12.wav,0.6616732430884974
3259-158083-0006,train-clean-100/3259/158083/3259-158083-0006.flac,1.5193361410835458,tr/OOFFICE_00_002.wav,0.7184241726216528
7447-91186-0015,train-clean-100/7447/91186/7447-91186-0015.flac,1.3484254105909323,tr/OHALLWAY_00_036.wav,0.7436955227078348
6563-285357-0032,train-clean-100/6563/285357/6563-285357-0032.flac,1.4758583323688785,tr/DKITCHEN_00_034.wav,0.5786832614832975
2911-15045-0017,train-clean-100/2911/15045/2911-15045-0017.flac,1.1783720920833243,tr/OHALLWAY_00_022.wav,0.8274756241140443
1447-130550-0002,train-clean-100/1447/130550/1447-130550-0002.flac,1.2027822008243294,tr/NPARK_00_035sp08.wav,0.4822626679361395
5688-15787-0015,train-clean-100/5688/15787/5688-15787-0015.flac,1.2350041364218989,tr/PSTATION_00_005.wav,0.4059360235467459
7178-34645-0013,train-clean-100/7178/34645/7178-34645-0013.flac,1.1736761122633115,tr/TMETRO_00_004sp08.wav,0.7217579034830175
2817-142371-0068,train-clean-100/2817/142371/2817-142371-0068.flac,1.6965038926238247,tr/NPARK_00_014sp12.wav,0.5696698186678937
3664-178366-0007,train-clean-100/3664/178366/3664-178366-0007.flac,0.8311170427980108,tr/DKITCHEN_00_033sp12.wav,0.7009784327020979
4214-7146-0029,train-clean-100/4214/7146/4214-7146-0029.flac,1.7197041458499827,tr/TCAR_00_002sp08.wav,0.5453150267011712
1098-133695-0015,train-clean-100/1098/133695/1098-133695-0015.flac,1.0370014855136749,tr/OOFFICE_00_033sp08.wav,0.3840318099207431
3723-171631-0032,train-clean-100/3723/171631/3723-171631-0032.flac,0.8452989507131786,tr/STRAFFIC_00_008sp08.wav,0.5677985610022848
27-124992-0032,train-clean-100/27/124992/27-124992-0032.flac,0.8056641773161559,tr/TCAR_00_005sp08.wav,0.5798323992381648
1926-143879-0011,train-clean-100/1926/143879/1926-143879-0011.flac,0.8503726961790927,tr/TCAR_00_034sp08.wav,0.6119552179809874
4406-16883-0006,train-clean-100/4406/16883/4406-16883-0006.flac,1.134032544097135,tr/OOFFICE_00_028sp08.wav,0.5878000345632383
2289-152253-0030,train-clean-100/2289/152253/2289-152253-0030.flac,1.063192544395144,tr/TCAR_00_013sp12.wav,0.4973403290479286
1034-121119-0089,train-clean-100/1034/121119/1034-121119-0089.flac,1.5299702171263585,tr/PRESTO_00_036sp08.wav,0.36483512784218947
322-124147-0032,train-clean-100/322/124147/322-124147-0032.flac,0.9416526428250305,tr/OOFFICE_00_001sp08.wav,0.47737978223303645
8095-274348-0000,train-clean-100/8095/274348/8095-274348-0000.flac,1.2228900640184077,tr/NRIVER_00_009.wav,0.722782296816841
1455-134435-0019,train-clean-100/1455/134435/1455-134435-0019.flac,1.0596192568283551,tr/TCAR_00_001sp12.wav,0.34800590825088173
1737-148989-0012,train-clean-100/1737/148989/1737-148989-0012.flac,0.8643551799254964,tr/NFIELD_00_033.wav,0.6955917046310661
7367-86737-0040,train-clean-100/7367/86737/7367-86737-0040.flac,1.468838382680591,tr/DWASHING_00_012.wav,0.35454646815652985
3699-175950-0000,train-clean-100/3699/175950/3699-175950-0000.flac,1.2627427080607123,tr/PSTATION_00_008sp12.wav,0.6554021293972893
1088-134315-0023,train-clean-100/1088/134315/1088-134315-0023.flac,0.8456040099766241,tr/OHALLWAY_00_029.wav,0.7589930992058974
1594-135914-0106,train-clean-100/1594/135914/1594-135914-0106.flac,1.3591668450424477,tr/STRAFFIC_00_032.wav,0.569714682283405
1246-135815-0000,train-clean-100/1246/135815/1246-135815-0000.flac,0.7664761655586432,tr/DLIVING_00_016.wav,0.8165822982668889
1455-138263-0011,train-clean-100/1455/138263/1455-138263-0011.flac,1.4446634950619779,tr/OOFFICE_00_029sp12.wav,0.7906822560452754
4340-15220-0100,train-clean-100/4340/15220/4340-15220-0100.flac,0.8893733788513759,tr/NFIELD_00_027sp12.wav,0.6901644195968818
118-47824-0002,train-clean-100/118/47824/118-47824-0002.flac,1.0741766002328772,tr/NRIVER_00_033sp12.wav,0.39650570882355524
2989-138035-0019,train-clean-100/2989/138035/2989-138035-0019.flac,1.0969022623124225,tr/PSTATION_00_007sp08.wav,0.5064343458106692
2289-152253-0010,train-clean-100/2289/152253/2289-152253-0010.flac,1.7748105845062778,tr/PSTATION_00_000.wav,0.4184662808117548
2836-5354-0034,train-clean-100/2836/5354/2836-5354-0034.flac,1.4487039945091413,tr/OOFFICE_00_013sp08.wav,0.6292832999751071
4014-186179-0017,train-clean-100/4014/186179/4014-186179-0017.flac,0.995324764894892,tr/NFIELD_00_002sp08.wav,0.5061206156575125
2007-149877-0061,train-clean-100/2007/149877/2007-149877-0061.flac,0.9053059207103243,tr/DKITCHEN_00_008sp08.wav,0.3492262867263803
5104-33406-0014,train-clean-100/5104/33406/5104-33406-0014.flac,0.9184236444064444,tr/DWASHING_00_010.wav,0.42204821208285365
6563-285357-0026,train-clean-100/6563/285357/6563-285357-0026.flac,0.8471168910151574,tr/DLIVING_00_001sp12.wav,0.7312270689619733
2007-132570-0003,train-clean-100/2007/132570/2007-132570-0003.flac,1.7231327523880577,tr/TCAR_00_014sp08.wav,0.4668327199535463
2391-145015-0063,train-clean-100/2391/145015/2391-145015-0063.flac,0.7573033971731321,tr/DLIVING_00_025sp12.wav,0.7825863225550597
1081-128618-0012,train-clean-100/1081/128618/1081-128618-0012.flac,1.7025673576320375,tr/PSTATION_00_035sp08.wav,0.44158008954463646
3240-131231-0052,train-clean-100/3240/131231/3240-131231-0052.flac,0.7845719633952758,tr/NPARK_00_016sp08.wav,0.44902117306906036
229-130880-0058,train-clean-100/229/130880/229-130880-0058.flac,0.8903629161003133,tr/NFIELD_00_004.wav,0.8253951879557766
332-128985-0009,train-clean-100/332/128985/332-128985-0009.flac,1.006146202355416,tr/PRESTO_00_007sp12.wav,0.799982563753713
1502-122619-0023,train-clean-100/1502/122619/1502-122619-0023.flac,1.828909496150057,tr/STRAFFIC_00_027.wav,0.501678145251333
1970-26100-0036,train-clean-100/1970/26100/1970-26100-0036.flac,1.1695904615021635,tr/NRIVER_00_001.wav,0.6774119262596715
150-132655-0026,train-clean-100/150/132655/150-132655-0026.flac,0.8449546695122854,tr/OOFFICE_00_023sp08.wav,0.3876321851597662
39-121915-0004,train-clean-100/39/121915/39-121915-0004.flac,1.3466201255300887,tr/DWASHING_00_024sp12.wav,0.3360144475418916
7635-105409-0037,train-clean-100/7635/105409/7635-105409-0037.flac,1.4052273936802306,tr/NFIELD_00_027.wav,0.666794021611413
7078-271888-0084,train-clean-100/7078/271888/7078-271888-0084.flac,0.9348181706591657,tr/NPARK_00_022sp12.wav,0.5271165436320489
4014-186183-0021,train-clean-100/4014/186183/4014-186183-0021.flac,0.7860996627509348,tr/OHALLWAY_00_013sp12.wav,0.600551973998307
8014-112602-0024,train-clean-100/8014/112602/8014-112602-0024.flac,1.3967500489153908,tr/NRIVER_00_034.wav,0.33612907345370324
2989-138035-0048,train-clean-100/2989/138035/2989-138035-0048.flac,1.316165620737419,tr/TBUS_00_016sp08.wav,0.6785285881478971
5463-39173-0051,train-clean-100/5463/39173/5463-39173-0051.flac,1.0169457819508356,tr/DLIVING_00_010sp12.wav,0.5615458503159215
6081-41997-0006,train-clean-100/6081/41997/6081-41997-0006.flac,0.76540589939196,tr/OMEETING_00_004.wav,0.47565794571179976
4195-17507-0036,train-clean-100/4195/17507/4195-17507-0036.flac,1.3938485203460176,tr/OMEETING_00_003.wav,0.7046629726229594
587-54108-0039,train-clean-100/587/54108/587-54108-0039.flac,0.7660030537904247,tr/DWASHING_00_035sp08.wav,0.5799469353389665
6415-100596-0012,train-clean-100/6415/100596/6415-100596-0012.flac,1.3848011143163537,tr/OMEETING_00_026sp12.wav,0.4759997146491366
1898-145720-0011,train-clean-100/1898/145720/1898-145720-0011.flac,1.5233553737324528,tr/OHALLWAY_00_013sp08.wav,0.8060295547762989
150-132655-0034,train-clean-100/150/132655/150-132655-0034.flac,1.0129181747168972,tr/TMETRO_00_001sp12.wav,0.6121506832961227
7402-59171-0026,train-clean-100/7402/59171/7402-59171-0026.flac,1.4458496138724508,tr/NFIELD_00_013.wav,0.7285042105669028
5456-24741-0002,train-clean-100/5456/24741/5456-24741-0002.flac,1.4104949174989123,tr/OMEETING_00_036sp08.wav,0.5417939602926588
4859-26870-0020,train-clean-100/4859/26870/4859-26870-0020.flac,1.0610272194904533,tr/PCAFETER_00_025sp12.wav,0.43230997748513406
5561-41616-0018,train-clean-100/5561/41616/5561-41616-0018.flac,0.8805817662840439,tr/NRIVER_00_015sp12.wav,0.6109662524822949
4195-186236-0027,train-clean-100/4195/186236/4195-186236-0027.flac,1.3230269254783684,tr/DLIVING_00_008.wav,0.36797936743698845
2911-7601-0001,train-clean-100/2911/7601/2911-7601-0001.flac,1.021597434509764,tr/OOFFICE_00_013sp12.wav,0.6243814154562213
4441-76263-0032,train-clean-100/4441/76263/4441-76263-0032.flac,1.3393382077427805,tr/DWASHING_00_032sp08.wav,0.7520177243829731
200-126784-0034,train-clean-100/200/126784/200-126784-0034.flac,1.8920173021387392,tr/STRAFFIC_00_005.wav,0.3433220108743506
7190-90542-0061,train-clean-100/7190/90542/7190-90542-0061.flac,0.8227391990470105,tr/DWASHING_00_033sp12.wav,0.5570198559260636
405-130894-0077,train-clean-100/405/130894/405-130894-0077.flac,1.6812409735636908,tr/SPSQUARE_00_014sp08.wav,0.3829097468605629
27-124992-0065,train-clean-100/27/124992/27-124992-0065.flac,1.7298396905310798,tr/NPARK_00_005sp12.wav,0.45210304523633965
125-121124-0003,train-clean-100/125/121124/125-121124-0003.flac,0.8590971866873456,tr/DWASHING_00_034.wav,0.5700287303337414
4014-186176-0029,train-clean-100/4014/186176/4014-186176-0029.flac,1.0467575270231213,tr/OMEETING_00_032.wav,0.6810346240163678
481-123720-0020,train-clean-100/481/123720/481-123720-0020.flac,0.802165711811271,tr/PCAFETER_00_026.wav,0.6719611861159301
26-495-0080,train-clean-100/26/495/26-495-0080.flac,1.6118216598664508,tr/DWASHING_00_026.wav,0.3753462644601183
1447-130550-0018,train-clean-100/1447/130550/1447-130550-0018.flac,0.82132772958022,tr/DLIVING_00_023sp08.wav,0.4508644076480329
8838-298546-0041,train-clean-100/8838/298546/8838-298546-0041.flac,1.4222019103925894,tr/SPSQUARE_00_030.wav,0.3770655707337815
7190-90543-0026,train-clean-100/7190/90543/7190-90543-0026.flac,0.990882431031281,tr/PSTATION_00_035sp12.wav,0.6664700153356297
7190-90542-0062,train-clean-100/7190/90542/7190-90542-0062.flac,1.85166476347307,tr/TMETRO_00_003sp12.wav,0.34962716975817176
5561-41615-0005,train-clean-100/5561/41615/5561-41615-0005.flac,0.9235741937351285,tr/NPARK_00_032sp12.wav,0.4455881049145694
3607-29116-0014,train-clean-100/3607/29116/3607-29116-0014.flac,1.732600324848078,tr/PCAFETER_00_016sp12.wav,0.7642568099744246
248-130644-0036,train-clean-100/248/130644/248-130644-0036.flac,0.8396331401942132,tr/PSTATION_00_021sp08.wav,0.667454106075538
4340-15220-0085,train-clean-100/4340/15220/4340-15220-0085.flac,1.5629879473674126,tr/NFIELD_00_028sp08.wav,0.5821782126697286
6836-61803-0024,train-clean-100/6836/61803/6836-61803-0024.flac,1.5108215899395698,tr/PCAFETER_00_033sp12.wav,0.38559916394251975
7190-90542-0036,train-clean-100/7190/90542/7190-90542-0036.flac,0.9100668940940612,tr/STRAFFIC_00_009sp08.wav,0.6589966397696132
1098-133695-0077,train-clean-100/1098/133695/1098-133695-0077.flac,0.8898991814959982,tr/DKITCHEN_00_018sp08.wav,0.35743140831145487
6476-96661-0016,train-clean-100/6476/96661/6476-96661-0016.flac,1.1486021119787067,tr/OMEETING_00_027sp12.wav,0.5679394245521673
6836-76549-0004,train-clean-100/6836/76549/6836-76549-0004.flac,1.2064562522985531,tr/OOFFICE_00_009sp12.wav,0.5419624306174273
3242-67168-0034,train-clean-100/3242/67168/3242-67168-0034.flac,1.660628090491887,tr/TMETRO_00_001.wav,0.8421871019396505
481-123719-0012,train-clean-100/481/123719/481-123719-0012.flac,1.2951301961818664,tr/TBUS_00_026sp08.wav,0.6517805681579547
322-124146-0011,train-clean-100/322/124146/322-124146-0011.flac,1.6788730876860576,tr/SPSQUARE_00_010.wav,0.5129066384858401
7402-59171-0030,train-clean-100/7402/59171/7402-59171-0030.flac,0.8465304020683521,tr/TBUS_00_029sp08.wav,0.5994681353576983
5192-19397-0058,train-clean-100/5192/19397/5192-19397-0058.flac,1.2840889187790998,tr/NPARK_00_016sp12.wav,0.7224467798267227
5022-29405-0026,train-clean-100/5022/29405/5022-29405-0026.flac,1.4341738212488155,tr/DLIVING_00_022sp08.wav,0.4208933145875216
730-358-0006,train-clean-100/730/358/730-358-0006.flac,0.755911523652779,tr/OOFFICE_00_018sp08.wav,0.3450906188537682
3983-5371-0002,train-clean-100/3983/5371/3983-5371-0002.flac,1.1429469990996535,tr/TBUS_00_020sp12.wav,0.45017890164676116
4014-186183-0022,train-clean-100/4014/186183/4014-186183-0022.flac,1.9128148484105156,tr/DLIVING_00_016sp08.wav,0.4509121595234667
328-129766-0010,train-clean-100/328/129766/328-129766-0010.flac,1.1906721651586114,tr/TBUS_00_017sp08.wav,0.5883554723936839
1098-133695-0011,train-clean-100/1098/133695/1098-133695-0011.flac,1.5818912903809572,tr/PCAFETER_00_028sp08.wav,0.6629084482316805
8108-280354-0018,train-clean-100/8108/280354/8108-280354-0018.flac,0.9659294428562789,tr/SPSQUARE_00_000sp12.wav,0.3610530499795303
2007-149877-0042,train-clean-100/2007/149877/2007-149877-0042.flac,1.0563302546228959,tr/DKITCHEN_00_015.wav,0.5951746447111098
445-123857-0003,train-clean-100/445/123857/445-123857-0003.flac,1.7297201716080943,tr/OMEETING_00_028sp12.wav,0.3955715277471327
1926-143879-0016,train-clean-100/1926/143879/1926-143879-0016.flac,1.2350055377532305,tr/TMETRO_00_035sp08.wav,0.6971584677197338
8063-274117-0002,train-clean-100/8063/274117/8063-274117-0002.flac,1.585938315775994,tr/OMEETING_00_009sp12.wav,0.6125476552243182
1447-17506-0000,train-clean-100/1447/17506/1447-17506-0000.flac,0.7580677403580437,tr/DWASHING_00_033.wav,0.7250248844538522
8238-283452-0030,train-clean-100/8238/283452/8238-283452-0030.flac,1.3852003911399526,tr/PSTATION_00_009sp12.wav,0.8057706662547446
5561-39621-0039,train-clean-100/5561/39621/5561-39621-0039.flac,1.573308362230573,tr/DWASHING_00_022.wav,0.4231120509463028
2391-145015-0012,train-clean-100/2391/145015/2391-145015-0012.flac,0.8035864473274511,tr/NPARK_00_014.wav,0.5864614681032192
250-142286-0011,train-clean-100/250/142286/250-142286-0011.flac,1.915191491090696,tr/DLIVING_00_029.wav,0.47188885627579613
118-47824-0046,train-clean-100/118/47824/118-47824-0046.flac,1.1414932770590638,tr/NRIVER_00_004.wav,0.667794814088167
5456-24741-0007,train-clean-100/5456/24741/5456-24741-0007.flac,1.4058834808658087,tr/STRAFFIC_00_025sp12.wav,0.46132596606664833
103-1240-0015,train-clean-100/103/1240/103-1240-0015.flac,1.212224523088172,tr/OOFFICE_00_002sp08.wav,0.5310191203151995
3240-131231-0056,train-clean-100/3240/131231/3240-131231-0056.flac,1.0396965729938836,tr/OMEETING_00_016sp08.wav,0.41219740472432115
3214-167602-0013,train-clean-100/3214/167602/3214-167602-0013.flac,0.9879263838694853,tr/DKITCHEN_00_020.wav,0.607764509936066
5192-19396-0022,train-clean-100/5192/19396/5192-19396-0022.flac,1.1077885266857947,tr/TBUS_00_013.wav,0.35070515365140037
5456-24741-0017,train-clean-100/5456/24741/5456-24741-0017.flac,1.764346228687972,tr/NPARK_00_000.wav,0.537515772808388
1081-125237-0045,train-clean-100/1081/125237/1081-125237-0045.flac,1.095367803335724,tr/PSTATION_00_020sp12.wav,0.35307853912571485
8123-275209-0021,train-clean-100/8123/275209/8123-275209-0021.flac,0.795823097187483,tr/OHALLWAY_00_036sp12.wav,0.6097532964858462
1235-135884-0036,train-clean-100/1235/135884/1235-135884-0036.flac,1.2587944743380293,tr/NFIELD_00_005sp08.wav,0.6465191124357754
2764-36617-0014,train-clean-100/2764/36617/2764-36617-0014.flac,1.6041741262640339,tr/NFIELD_00_007sp08.wav,0.4956587289948871
4014-186176-0036,train-clean-100/4014/186176/4014-186176-0036.flac,1.6586952029033981,tr/OMEETING_00_027sp08.wav,0.37275270132556676
7402-90848-0012,train-clean-100/7402/90848/7402-90848-0012.flac,1.674645543206897,tr/NRIVER_00_023sp12.wav,0.3734080004377299
403-216-0014,train-clean-100/403/216/403-216-0014.flac,1.7452273871649124,tr/TBUS_00_024sp12.wav,0.7900728203401354
730-360-0011,train-clean-100/730/360/730-360-0011.flac,1.2774221067271252,tr/STRAFFIC_00_008.wav,0.6956515795396996
7190-90542-0053,train-clean-100/7190/90542/7190-90542-0053.flac,1.2946684906189057,tr/TMETRO_00_013sp08.wav,0.5267508875878207
83-11691-0030,train-clean-100/83/11691/83-11691-0030.flac,1.612930103070756,tr/OMEETING_00_020.wav,0.7156556967259192
3983-5371-0040,train-clean-100/3983/5371/3983-5371-0040.flac,0.8764863719658254,tr/DKITCHEN_00_004sp12.wav,0.7605285895866464
2136-5143-0010,train-clean-100/2136/5143/2136-5143-0010.flac,1.6488183153897562,tr/TMETRO_00_018sp08.wav,0.6440457390086823
5867-48852-0022,train-clean-100/5867/48852/5867-48852-0022.flac,1.4969090137082517,tr/NRIVER_00_020.wav,0.7002932325587143
211-122442-0082,train-clean-100/211/122442/211-122442-0082.flac,1.287635436848661,tr/DKITCHEN_00_016.wav,0.4705423334174271
5688-41232-0038,train-clean-100/5688/41232/5688-41232-0038.flac,1.0618335975262203,tr/OMEETING_00_016sp12.wav,0.5291940573031918
211-122425-0074,train-clean-100/211/122425/211-122425-0074.flac,1.0910453706641547,tr/NPARK_00_025.wav,0.3693856807168509
3879-174923-0017,train-clean-100/3879/174923/3879-174923-0017.flac,1.783005698069912,tr/OOFFICE_00_006.wav,0.47719438164236366
8063-274116-0040,train-clean-100/8063/274116/8063-274116-0040.flac,1.4678519404046748,tr/NPARK_00_029sp12.wav,0.7540701389803895
8629-261139-0064,train-clean-100/8629/261139/8629-261139-0064.flac,1.200178193885059,tr/NFIELD_00_020sp08.wav,0.5218265040174788
8088-284756-0008,train-clean-100/8088/284756/8088-284756-0008.flac,1.2522488019393316,tr/DKITCHEN_00_028sp08.wav,0.5739895127961729
4014-186176-0019,train-clean-100/4014/186176/4014-186176-0019.flac,1.2110619199927588,tr/PRESTO_00_023.wav,0.5513332609094607
2764-36616-0009,train-clean-100/2764/36616/2764-36616-0009.flac,1.3928608538805975,tr/OHALLWAY_00_020.wav,0.3484389927285791
5867-48852-0020,train-clean-100/5867/48852/5867-48852-0020.flac,1.131584155157399,tr/DWASHING_00_002sp08.wav,0.3409502576692867
125-121342-0029,train-clean-100/125/121342/125-121342-0029.flac,0.8020800574073221,tr/OHALLWAY_00_036sp08.wav,0.7606654714493424
2764-36619-0030,train-clean-100/2764/36619/2764-36619-0030.flac,1.3330499415640913,tr/PRESTO_00_016.wav,0.47819872317896517
1992-141719-0045,train-clean-100/1992/141719/1992-141719-0045.flac,1.4164208496316912,tr/TBUS_00_015sp12.wav,0.8046513826247763
8975-270782-0052,train-clean-100/8975/270782/8975-270782-0052.flac,1.7744210111760872,tr/PRESTO_00_011sp12.wav,0.3437259240834269
4441-76250-0000,train-clean-100/4441/76250/4441-76250-0000.flac,1.828881236025753,tr/TMETRO_00_019sp08.wav,0.5157090083914003
5393-19218-0013,train-clean-100/5393/19218/5393-19218-0013.flac,1.3427624055779,tr/NPARK_00_033sp08.wav,0.6719034844725554
1963-142393-0038,train-clean-100/1963/142393/1963-142393-0038.flac,1.095661563962253,tr/NPARK_00_021sp08.wav,0.36192708119926664
328-129766-0079,train-clean-100/328/129766/328-129766-0079.flac,1.0595471724698173,tr/STRAFFIC_00_018.wav,0.42218208461816503
27-124992-0054,train-clean-100/27/124992/27-124992-0054.flac,1.1350468115004557,tr/OOFFICE_00_030sp12.wav,0.6820577101740753
1235-135883-0040,train-clean-100/1235/135883/1235-135883-0040.flac,1.0553314449365674,tr/PCAFETER_00_017.wav,0.3461046834652219
2182-181183-0023,train-clean-100/2182/181183/2182-181183-0023.flac,0.9706438199947817,tr/PCAFETER_00_003.wav,0.4269187526589853
7078-271888-0064,train-clean-100/7078/271888/7078-271888-0064.flac,1.5617211160710034,tr/DLIVING_00_026.wav,0.4767839432372952
2136-5143-0029,train-clean-100/2136/5143/2136-5143-0029.flac,1.8221575341020824,tr/OHALLWAY_00_029sp12.wav,0.34837971429078424
211-122442-0066,train-clean-100/211/122442/211-122442-0066.flac,1.4345430798987462,tr/PCAFETER_00_006sp12.wav,0.7168728855056394
332-128985-0088,train-clean-100/332/128985/332-128985-0088.flac,1.3935657480173425,tr/STRAFFIC_00_010sp12.wav,0.4000815913193726
2007-132570-0032,train-clean-100/2007/132570/2007-132570-0032.flac,0.9246721047409349,tr/PSTATION_00_009.wav,0.7612332857664245
458-126294-0011,train-clean-100/458/126294/458-126294-0011.flac,0.9263621308563268,tr/TMETRO_00_020sp08.wav,0.501730506734382
8063-274112-0040,train-clean-100/8063/274112/8063-274112-0040.flac,1.5399789862935271,tr/NFIELD_00_036sp08.wav,0.4541399528493576
887-123291-0029,train-clean-100/887/123291/887-123291-0029.flac,0.9666618479161976,tr/OOFFICE_00_028.wav,0.5785982785000615
831-130739-0052,train-clean-100/831/130739/831-130739-0052.flac,1.3798041619325354,tr/SPSQUARE_00_024sp08.wav,0.6685432017633128
6531-61334-0083,train-clean-100/6531/61334/6531-61334-0083.flac,1.0841780136791466,tr/TCAR_00_012sp08.wav,0.4589097929123874
730-359-0046,train-clean-100/730/359/730-359-0046.flac,0.9027165839022178,tr/DWASHING_00_016sp12.wav,0.8063470507061538
1926-147987-0003,train-clean-100/1926/147987/1926-147987-0003.flac,1.3615632153592754,tr/OMEETING_00_032sp12.wav,0.7741132739366557
1081-128618-0013,train-clean-100/1081/128618/1081-128618-0013.flac,1.8771541492132786,tr/OOFFICE_00_002sp12.wav,0.5680374678474032
8063-274116-0034,train-clean-100/8063/274116/8063-274116-0034.flac,1.2654442205226977,tr/TBUS_00_022.wav,0.7773510151003852
311-124404-0084,train-clean-100/311/124404/311-124404-0084.flac,1.2671198979150753,tr/TBUS_00_007.wav,0.582384729283678
27-124992-0034,train-clean-100/27/124992/27-124992-0034.flac,1.344032026542024,tr/DLIVING_00_021.wav,0.3829410641717464
118-121721-0027,train-clean-100/118/121721/118-121721-0027.flac,1.2446139693799354,tr/TCAR_00_034.wav,0.6244820959726842
4340-15220-0097,train-clean-100/4340/15220/4340-15220-0097.flac,1.0218835599756475,tr/STRAFFIC_00_004sp12.wav,0.47709446149077656
1116-132847-0031,train-clean-100/1116/132847/1116-132847-0031.flac,0.8412014892245864,tr/NRIVER_00_025.wav,0.787807928786601
4441-76262-0000,train-clean-100/4441/76262/4441-76262-0000.flac,1.1851459991927034,tr/NPARK_00_013.wav,0.5342881535308702
6880-216547-0068,train-clean-100/6880/216547/6880-216547-0068.flac,1.862929330991816,tr/TCAR_00_026.wav,0.37998476590869706
1594-135914-0088,train-clean-100/1594/135914/1594-135914-0088.flac,1.3158493187648101,tr/DLIVING_00_035sp12.wav,0.3720239710649452
4195-186236-0006,train-clean-100/4195/186236/4195-186236-0006.flac,0.8757274112640798,tr/TCAR_00_033.wav,0.8134133804780768
1183-133255-0009,train-clean-100/1183/133255/1183-133255-0009.flac,1.6288014991735713,tr/NRIVER_00_004sp08.wav,0.4532412278948269
1502-122619-0035,train-clean-100/1502/122619/1502-122619-0035.flac,1.0346111261307565,tr/TBUS_00_023sp12.wav,0.4804246337569011
5456-24741-0000,train-clean-100/5456/24741/5456-24741-0000.flac,1.1322843443624162,tr/NRIVER_00_017sp12.wav,0.4826286321724094
311-124404-0121,train-clean-100/311/124404/311-124404-0121.flac,0.9857542955998861,tr/DLIVING_00_004.wav,0.6432028695676045
7278-104730-0022,train-clean-100/7278/104730/7278-104730-0022.flac,1.2284383238167487,tr/TCAR_00_013.wav,0.5113543659030516
1867-154071-0035,train-clean-100/1867/154071/1867-154071-0035.flac,1.065341002386565,tr/PRESTO_00_023sp12.wav,0.6193937258267204
8063-274112-0003,train-clean-100/8063/274112/8063-274112-0003.flac,0.9186242791821119,tr/DKITCHEN_00_031sp08.wav,0.8385116923724335
1963-142776-0017,train-clean-100/1963/142776/1963-142776-0017.flac,0.9090485367355081,tr/SPSQUARE_00_003.wav,0.8077997784094871
730-358-0033,train-clean-100/730/358/730-358-0033.flac,1.7863546415024025,tr/DLIVING_00_033sp12.wav,0.7993050968750599
831-130739-0011,train-clean-100/831/130739/831-130739-0011.flac,0.7963461278041534,tr/NRIVER_00_025sp08.wav,0.3725968157825628
6078-54013-0038,train-clean-100/6078/54013/6078-54013-0038.flac,0.8895602454815085,tr/SPSQUARE_00_000.wav,0.4321496563778155
4014-186175-0005,train-clean-100/4014/186175/4014-186175-0005.flac,1.5346214466325063,tr/PSTATION_00_032.wav,0.37449096998189485
328-129766-0090,train-clean-100/328/129766/328-129766-0090.flac,1.8844972887442064,tr/NRIVER_00_020sp12.wav,0.6342283008481617
4014-186176-0030,train-clean-100/4014/186176/4014-186176-0030.flac,1.4012104618971553,tr/OHALLWAY_00_019.wav,0.34735200858626025
3242-67168-0029,train-clean-100/3242/67168/3242-67168-0029.flac,1.136200411928005,tr/PCAFETER_00_009sp12.wav,0.5773626522012042
1624-168623-0053,train-clean-100/1624/168623/1624-168623-0053.flac,1.5969429253279612,tr/DWASHING_00_001sp08.wav,0.6221647169588903
839-130898-0056,train-clean-100/839/130898/839-130898-0056.flac,0.93914437336897,tr/PCAFETER_00_027sp12.wav,0.7035456815468585
4406-16883-0017,train-clean-100/4406/16883/4406-16883-0017.flac,1.3957800228090758,tr/PRESTO_00_027sp12.wav,0.5351143232188302
3830-12535-0018,train-clean-100/3830/12535/3830-12535-0018.flac,1.1340022760817534,tr/NRIVER_00_007.wav,0.3963919156902882
1898-145715-0049,train-clean-100/1898/145715/1898-145715-0049.flac,1.0657388238109875,tr/TCAR_00_021sp12.wav,0.49656380920256604
6563-285357-0044,train-clean-100/6563/285357/6563-285357-0044.flac,1.043451484148093,tr/TMETRO_00_034sp12.wav,0.7171909282230065
1594-135914-0101,train-clean-100/1594/135914/1594-135914-0101.flac,1.7178086792974092,tr/PSTATION_00_030sp08.wav,0.5527791468825538
1841-150351-0019,train-clean-100/1841/150351/1841-150351-0019.flac,1.6990009518990101,tr/NFIELD_00_033sp08.wav,0.5469940874240347
3242-67168-0020,train-clean-100/3242/67168/3242-67168-0020.flac,0.9760551092775098,tr/TBUS_00_029.wav,0.47475846055055937
3830-12529-0005,train-clean-100/3830/12529/3830-12529-0005.flac,1.1341330805331928,tr/DKITCHEN_00_020sp08.wav,0.40783015102480025
696-93314-0002,train-clean-100/696/93314/696-93314-0002.flac,1.0799142408554385,tr/NPARK_00_023sp08.wav,0.5387176724144898
8051-118101-0016,train-clean-100/8051/118101/8051-118101-0016.flac,1.600838297422107,tr/PRESTO_00_001sp08.wav,0.5876952556711393
8629-261139-0030,train-clean-100/8629/261139/8629-261139-0030.flac,1.8185650230959909,tr/DKITCHEN_00_008.wav,0.6617725939878123
446-123502-0047,train-clean-100/446/123502/446-123502-0047.flac,0.9783444998314729,tr/OMEETING_00_028.wav,0.38544891476137205
3242-8112-0032,train-clean-100/3242/8112/3242-8112-0032.flac,1.4819842938666057,tr/NRIVER_00_001sp12.wav,0.6347119566757807
201-127786-0049,train-clean-100/201/127786/201-127786-0049.flac,0.8992008969037821,tr/OMEETING_00_020sp12.wav,0.380989914306875
27-124992-0078,train-clean-100/27/124992/27-124992-0078.flac,0.8276088953111291,tr/OMEETING_00_006.wav,0.48521092410320155
150-132655-0000,train-clean-100/150/132655/150-132655-0000.flac,1.317133737195021,tr/NRIVER_00_004sp12.wav,0.3956675625944814
1926-143879-0029,train-clean-100/1926/143879/1926-143879-0029.flac,1.027182956991718,tr/NPARK_00_032.wav,0.41579029199184386
2196-170151-0034,train-clean-100/2196/170151/2196-170151-0034.flac,0.7661904028160306,tr/DLIVING_00_015sp08.wav,0.5997289727326519
5339-14134-0032,train-clean-100/5339/14134/5339-14134-0032.flac,1.121961305601868,tr/DLIVING_00_002sp08.wav,0.7444685012150521
8063-274116-0020,train-clean-100/8063/274116/8063-274116-0020.flac,0.9319790205187445,tr/TMETRO_00_019.wav,0.5389367073319804
1069-133709-0003,train-clean-100/1069/133709/1069-133709-0003.flac,1.7323752521418403,tr/SPSQUARE_00_014.wav,0.38099863805822093
5393-19219-0053,train-clean-100/5393/19219/5393-19219-0053.flac,1.0398015584005695,tr/DKITCHEN_00_002sp12.wav,0.4074801726500328
4195-17507-0003,train-clean-100/4195/17507/4195-17507-0003.flac,1.1772668251685672,tr/OOFFICE_00_014sp08.wav,0.7465775167672996
6925-80680-0070,train-clean-100/6925/80680/6925-80680-0070.flac,1.394323203958575,tr/PSTATION_00_007sp12.wav,0.7055249885728132
2007-132570-0009,train-clean-100/2007/132570/2007-132570-0009.flac,1.6089869841199698,tr/NPARK_00_021.wav,0.5491405141072635
5049-25947-0089,train-clean-100/5049/25947/5049-25947-0089.flac,0.9083467191113102,tr/STRAFFIC_00_005sp12.wav,0.7202059165280038
2436-2481-0007,train-clean-100/2436/2481/2436-2481-0007.flac,1.316048652355885,tr/OMEETING_00_005.wav,0.6062054471389363
27-124992-0044,train-clean-100/27/124992/27-124992-0044.flac,1.406838183124939,tr/TBUS_00_018sp08.wav,0.3331790200517754
5514-19192-0000,train-clean-100/5514/19192/5514-19192-0000.flac,1.4458073833468346,tr/NFIELD_00_027sp08.wav,0.5101022996164574
2002-139469-0059,train-clean-100/2002/139469/2002-139469-0059.flac,0.7827090949126514,tr/TMETRO_00_023.wav,0.6659905760808204
6078-54013-0068,train-clean-100/6078/54013/6078-54013-0068.flac,1.05565751345775,tr/TCAR_00_032.wav,0.46965114504102407
1992-141719-0044,train-clean-100/1992/141719/1992-141719-0044.flac,1.7412438149097806,tr/TCAR_00_017sp08.wav,0.3981122755363458
7302-86815-0039,train-clean-100/7302/86815/7302-86815-0039.flac,0.8827131610632031,tr/OMEETING_00_019sp08.wav,0.33777064838524606
1898-145715-0002,train-clean-100/1898/145715/1898-145715-0002.flac,0.8675666897759502,tr/NPARK_00_013sp08.wav,0.43804214454674556
5561-39621-0016,train-clean-100/5561/39621/5561-39621-0016.flac,1.1773492463365482,tr/OHALLWAY_00_008sp12.wav,0.6728446560776743
2136-5143-0007,train-clean-100/2136/5143/2136-5143-0007.flac,0.926863764857402,tr/OMEETING_00_007.wav,0.39515068304137674
6531-61334-0065,train-clean-100/6531/61334/6531-61334-0065.flac,0.8122085411452786,tr/TMETRO_00_035sp12.wav,0.360688065556291
2843-152918-0079,train-clean-100/2843/152918/2843-152918-0079.flac,0.8722674300217577,tr/OOFFICE_00_001.wav,0.7015417976003292
27-124992-0058,train-clean-100/27/124992/27-124992-0058.flac,0.9468301725550535,tr/SPSQUARE_00_027.wav,0.36700291619014574
4014-186176-0022,train-clean-100/4014/186176/4014-186176-0022.flac,0.9273258920714587,tr/PRESTO_00_013.wav,0.4629185606738043
1578-140049-0002,train-clean-100/1578/140049/1578-140049-0002.flac,1.2286889283756826,tr/NRIVER_00_030sp12.wav,0.3750491908813132
2952-410-0058,train-clean-100/2952/410/2952-410-0058.flac,1.144900219917633,tr/DLIVING_00_026sp08.wav,0.8089484241750646
458-126305-0019,train-clean-100/458/126305/458-126305-0019.flac,1.4697191200539683,tr/NRIVER_00_024sp08.wav,0.4491847451580728
2989-138028-0044,train-clean-100/2989/138028/2989-138028-0044.flac,0.7616978874933739,tr/SPSQUARE_00_033sp12.wav,0.6575700544967255
5192-19397-0003,train-clean-100/5192/19397/5192-19397-0003.flac,0.8405337743427782,tr/OHALLWAY_00_033.wav,0.463678159821034
730-358-0056,train-clean-100/730/358/730-358-0056.flac,0.9536194392720884,tr/DLIVING_00_026sp12.wav,0.7534836458283379
839-130898-0013,train-clean-100/839/130898/839-130898-0013.flac,0.945622817811518,tr/DLIVING_00_004sp12.wav,0.376997372698364
7302-86815-0020,train-clean-100/7302/86815/7302-86815-0020.flac,0.9436600652009679,tr/PCAFETER_00_000sp12.wav,0.5112240448717736
5652-19215-0041,train-clean-100/5652/19215/5652-19215-0041.flac,1.0261847423047807,tr/TBUS_00_016.wav,0.5738203114447332
27-124992-0031,train-clean-100/27/124992/27-124992-0031.flac,1.146689202038863,tr/PCAFETER_00_009sp08.wav,0.4813007188242517
6078-54007-0024,train-clean-100/6078/54007/6078-54007-0024.flac,1.299030282142269,tr/NPARK_00_036.wav,0.7342988504436783
2289-152257-0018,train-clean-100/2289/152257/2289-152257-0018.flac,1.1368902220712753,tr/NFIELD_00_032sp08.wav,0.6329222462500381
669-129061-0014,train-clean-100/669/129061/669-129061-0014.flac,1.4887549536550286,tr/DKITCHEN_00_036sp12.wav,0.6377995214855166
8468-286673-0040,train-clean-100/8468/286673/8468-286673-0040.flac,1.3426927072810602,tr/SPSQUARE_00_017sp12.wav,0.3758474467753666
2817-142371-0010,train-clean-100/2817/142371/2817-142371-0010.flac,1.333296880898483,tr/TMETRO_00_002sp12.wav,0.614199949418177
5339-14133-0053,train-clean-100/5339/14133/5339-14133-0053.flac,1.538442933846899,tr/STRAFFIC_00_022sp08.wav,0.6822650429770234
4195-17507-0035,train-clean-100/4195/17507/4195-17507-0035.flac,1.8309822791254267,tr/NFIELD_00_034.wav,0.40422644956193765
4640-19188-0004,train-clean-100/4640/19188/4640-19188-0004.flac,1.763974889068183,tr/OOFFICE_00_008sp12.wav,0.7064694357215834
3982-178459-0007,train-clean-100/3982/178459/3982-178459-0007.flac,1.0744111748489316,tr/NPARK_00_006sp08.wav,0.4515735697772334
4014-186179-0046,train-clean-100/4014/186179/4014-186179-0046.flac,0.9626066601365598,tr/PCAFETER_00_013.wav,0.36719968741587267
8468-286673-0009,train-clean-100/8468/286673/8468-286673-0009.flac,0.7748549551459761,tr/OHALLWAY_00_004sp12.wav,0.6707619980291325
1898-145724-0036,train-clean-100/1898/145724/1898-145724-0036.flac,1.0909791880193251,tr/PCAFETER_00_008.wav,0.6654378422534687
1183-128659-0010,train-clean-100/1183/128659/1183-128659-0010.flac,1.0520152770585136,tr/TCAR_00_018sp08.wav,0.3713456405776324
7113-86041-0042,train-clean-100/7113/86041/7113-86041-0042.flac,1.3885545865921254,tr/PRESTO_00_029sp12.wav,0.4901887928186603
5652-19215-0027,train-clean-100/5652/19215/5652-19215-0027.flac,1.924046136554478,tr/SPSQUARE_00_019sp08.wav,0.6661582321795821
3242-67153-0021,train-clean-100/3242/67153/3242-67153-0021.flac,1.8000244642017216,tr/PCAFETER_00_006.wav,0.7062202023887678
3242-8112-0023,train-clean-100/3242/8112/3242-8112-0023.flac,1.7500924586760296,tr/NPARK_00_029sp08.wav,0.4599645395322405
8797-294123-0046,train-clean-100/8797/294123/8797-294123-0046.flac,0.8687965934388252,tr/STRAFFIC_00_006sp12.wav,0.7816103866744001
6064-56165-0008,train-clean-100/6064/56165/6064-56165-0008.flac,0.7916017590799568,tr/PCAFETER_00_013sp12.wav,0.7281441439180345
254-27760-0006,train-clean-100/254/27760/254-27760-0006.flac,1.4556882389100039,tr/OHALLWAY_00_025.wav,0.48526282734600007
458-126294-0001,train-clean-100/458/126294/458-126294-0001.flac,1.3954517384477145,tr/TBUS_00_012.wav,0.3737937746313459
3440-171006-0024,train-clean-100/3440/171006/3440-171006-0024.flac,0.8008759066701374,tr/DKITCHEN_00_016sp12.wav,0.8210622956538063
669-129074-0018,train-clean-100/669/129074/669-129074-0018.flac,1.5969043487738595,tr/OOFFICE_00_032.wav,0.4235014369415357
7278-246956-0002,train-clean-100/7278/246956/7278-246956-0002.flac,0.8190072397732542,tr/TBUS_00_023sp08.wav,0.6722965455691234
460-172359-0081,train-clean-100/460/172359/460-172359-0081.flac,1.4197936151606796,tr/DKITCHEN_00_023.wav,0.33554448393894404
8747-293952-0056,train-clean-100/8747/293952/8747-293952-0056.flac,1.0310677383186935,tr/DLIVING_00_000.wav,0.8250780575476735
1737-148989-0011,train-clean-100/1737/148989/1737-148989-0011.flac,0.9899750955428658,tr/OHALLWAY_00_017.wav,0.3850106624254589
5456-58161-0018,train-clean-100/5456/58161/5456-58161-0018.flac,1.514850899191374,tr/PRESTO_00_002sp12.wav,0.3534681059019075
1502-122619-0062,train-clean-100/1502/122619/1502-122619-0062.flac,1.2933231664927474,tr/PRESTO_00_032.wav,0.8192302077110504
6925-80680-0024,train-clean-100/6925/80680/6925-80680-0024.flac,1.0869946248563849,tr/PCAFETER_00_007.wav,0.8303753077785471
8629-261139-0073,train-clean-100/8629/261139/8629-261139-0073.flac,1.4200528337349894,tr/OHALLWAY_00_007sp08.wav,0.5099577133047725
1867-148436-0031,train-clean-100/1867/148436/1867-148436-0031.flac,1.0344683374715005,tr/PCAFETER_00_001sp08.wav,0.505738195642978
4640-19188-0000,train-clean-100/4640/19188/4640-19188-0000.flac,1.5815358627693479,tr/DLIVING_00_013.wav,0.5366850018441524
5867-48852-0026,train-clean-100/5867/48852/5867-48852-0026.flac,1.1489269681090333,tr/DKITCHEN_00_003sp12.wav,0.4620178714796637
2952-410-0000,train-clean-100/2952/410/2952-410-0000.flac,1.2842840353960934,tr/PSTATION_00_029.wav,0.6727646773026644
7402-90848-0045,train-clean-100/7402/90848/7402-90848-0045.flac,1.1446326280775985,tr/OOFFICE_00_006sp08.wav,0.6754304720992307
1502-122619-0090,train-clean-100/1502/122619/1502-122619-0090.flac,1.7359737338146155,tr/TBUS_00_008.wav,0.343514542454527
1363-135842-0008,train-clean-100/1363/135842/1363-135842-0008.flac,0.9676742429193262,tr/DKITCHEN_00_015sp12.wav,0.48082952300771487
3947-13262-0016,train-clean-100/3947/13262/3947-13262-0016.flac,1.8831615598219893,tr/TMETRO_00_004.wav,0.4145863099022346
311-124404-0062,train-clean-100/311/124404/311-124404-0062.flac,1.4689167831627525,tr/DWASHING_00_014.wav,0.7649143989276836
4680-16026-0006,train-clean-100/4680/16026/4680-16026-0006.flac,0.8457800212313025,tr/NRIVER_00_026sp12.wav,0.7837134457801793
1502-122615-0026,train-clean-100/1502/122615/1502-122615-0026.flac,1.8742922445077483,tr/TCAR_00_030sp12.wav,0.6277535394816918
2384-152900-0031,train-clean-100/2384/152900/2384-152900-0031.flac,1.5564673599927321,tr/TMETRO_00_018.wav,0.6446957882345075
8324-286681-0022,train-clean-100/8324/286681/8324-286681-0022.flac,1.2831274197779983,tr/OHALLWAY_00_004sp08.wav,0.8090877461069409
27-124992-0003,train-clean-100/27/124992/27-124992-0003.flac,1.1382862990390523,tr/OHALLWAY_00_015.wav,0.6907521026768955
307-127535-0045,train-clean-100/307/127535/307-127535-0045.flac,0.8199148126909551,tr/OMEETING_00_003sp08.wav,0.6528564364547684
3374-298025-0009,train-clean-100/3374/298025/3374-298025-0009.flac,0.9227053586879086,tr/TCAR_00_035sp08.wav,0.7709996510881326
4813-248641-0013,train-clean-100/4813/248641/4813-248641-0013.flac,1.001496212804278,tr/DWASHING_00_013sp12.wav,0.7830647186436881
3879-173592-0013,train-clean-100/3879/173592/3879-173592-0013.flac,0.9661972299960723,tr/PCAFETER_00_024sp12.wav,0.423240537915398
6081-41998-0003,train-clean-100/6081/41998/6081-41998-0003.flac,1.2006179180376673,tr/PSTATION_00_028.wav,0.8018361885420572
4898-28461-0054,train-clean-100/4898/28461/4898-28461-0054.flac,1.5000695753253266,tr/DKITCHEN_00_010sp08.wav,0.7713169625146488
26-495-0030,train-clean-100/26/495/26-495-0030.flac,1.6099223405269234,tr/SPSQUARE_00_034sp12.wav,0.5698850582938396
6385-220959-0040,train-clean-100/6385/220959/6385-220959-0040.flac,0.8818838824508668,tr/DLIVING_00_023.wav,0.6220996580873479
211-122425-0058,train-clean-100/211/122425/211-122425-0058.flac,1.1985551427741044,tr/NPARK_00_032sp08.wav,0.5033159490027618
1034-121119-0093,train-clean-100/1034/121119/1034-121119-0093.flac,1.467500370212067,tr/DKITCHEN_00_014.wav,0.3672920443275263
27-124992-0019,train-clean-100/27/124992/27-124992-0019.flac,1.6228699441038048,tr/TCAR_00_016sp08.wav,0.4001350721854759
460-172359-0043,train-clean-100/460/172359/460-172359-0043.flac,1.46870790029771,tr/OHALLWAY_00_013.wav,0.36086419347477877
7302-86815-0022,train-clean-100/7302/86815/7302-86815-0022.flac,0.7786526408198655,tr/TCAR_00_028sp08.wav,0.6444385999883031
8014-112602-0004,train-clean-100/8014/112602/8014-112602-0004.flac,1.0248980694908898,tr/NFIELD_00_034sp08.wav,0.5084266519858326
1992-141719-0016,train-clean-100/1992/141719/1992-141719-0016.flac,1.0985575838249,tr/PSTATION_00_013sp12.wav,0.49460453301344504
1263-138246-0034,train-clean-100/1263/138246/1263-138246-0034.flac,0.9769740241993412,tr/TBUS_00_032sp12.wav,0.34340230555077006
5390-24512-0041,train-clean-100/5390/24512/5390-24512-0041.flac,1.3111565956983342,tr/DWASHING_00_009.wav,0.42533421874777344
8014-112586-0013,train-clean-100/8014/112586/8014-112586-0013.flac,0.8962587316879819,tr/PCAFETER_00_018.wav,0.4061938306990481
7148-59157-0010,train-clean-100/7148/59157/7148-59157-0010.flac,1.5220624897206385,tr/PRESTO_00_036.wav,0.45009581713069935
1116-132851-0001,train-clean-100/1116/132851/1116-132851-0001.flac,0.8618106807553433,tr/NRIVER_00_022sp08.wav,0.7293261803387637
730-358-0063,train-clean-100/730/358/730-358-0063.flac,1.2928254443313945,tr/STRAFFIC_00_018sp12.wav,0.5895117439489185
2289-152258-0010,train-clean-100/2289/152258/2289-152258-0010.flac,1.2092955035917186,tr/TBUS_00_015.wav,0.3825521680284085
1040-133433-0006,train-clean-100/1040/133433/1040-133433-0006.flac,1.4223206758146616,tr/TCAR_00_016.wav,0.417549655118515
730-359-0038,train-clean-100/730/359/730-359-0038.flac,1.5001714354147784,tr/OOFFICE_00_023.wav,0.4454676896550073
211-122425-0037,train-clean-100/211/122425/211-122425-0037.flac,1.7184381344522484,tr/NFIELD_00_004sp12.wav,0.6005647219298519
125-121124-0048,train-clean-100/125/121124/125-121124-0048.flac,1.2088117669191443,tr/DLIVING_00_033.wav,0.6948429447006526
