speaker_ID,sex,subset,length,origin_path
8975,F,train-clean-100,48000,train-clean-100/8975/270782/8975-270782-0029.flac
200,F,train-clean-100,48000,train-clean-100/200/124140/200-124140-0012.flac
27,M,train-clean-100,48000,train-clean-100/27/124992/27-124992-0034.flac
4680,F,train-clean-100,48080,train-clean-100/4680/16042/4680-16042-0027.flac
2989,F,train-clean-100,48080,train-clean-100/2989/138028/2989-138028-0051.flac
4441,M,train-clean-100,48160,train-clean-100/4441/76263/4441-76263-0032.flac
3259,F,train-clean-100,48160,train-clean-100/3259/158083/3259-158083-0099.flac
730,F,train-clean-100,48160,train-clean-100/730/359/730-359-0046.flac
3240,M,train-clean-100,48160,train-clean-100/3240/131231/3240-131231-0007.flac
1098,F,train-clean-100,48160,train-clean-100/1098/133695/1098-133695-0015.flac
2989,F,train-clean-100,48240,train-clean-100/2989/138035/2989-138035-0012.flac
481,M,train-clean-100,48240,train-clean-100/481/123720/481-123720-0083.flac
103,F,train-clean-100,48400,train-clean-100/103/1241/103-1241-0019.flac
730,F,train-clean-100,48400,train-clean-100/730/359/730-359-0028.flac
6925,M,train-clean-100,48400,train-clean-100/6925/80680/6925-80680-0025.flac
2007,F,train-clean-100,48400,train-clean-100/2007/149877/2007-149877-0060.flac
1183,F,train-clean-100,48480,train-clean-100/1183/128659/1183-128659-0014.flac
458,M,train-clean-100,48560,train-clean-100/458/126305/458-126305-0019.flac
8088,M,train-clean-100,48560,train-clean-100/8088/284756/8088-284756-0037.flac
8014,F,train-clean-100,48560,train-clean-100/8014/112602/8014-112602-0025.flac
2289,M,train-clean-100,48640,train-clean-100/2289/152258/2289-152258-0010.flac
4397,M,train-clean-100,48720,train-clean-100/4397/15678/4397-15678-0030.flac
2436,M,train-clean-100,48720,train-clean-100/2436/2481/2436-2481-0018.flac
5390,M,train-clean-100,48720,train-clean-100/5390/30096/5390-30096-0033.flac
200,F,train-clean-100,48720,train-clean-100/200/124139/200-124139-0020.flac
118,M,train-clean-100,48720,train-clean-100/118/47824/118-47824-0015.flac
8747,M,train-clean-100,48800,train-clean-100/8747/293952/8747-293952-0018.flac
5514,F,train-clean-100,48800,train-clean-100/5514/19192/5514-19192-0039.flac
8975,F,train-clean-100,48800,train-clean-100/8975/270782/8975-270782-0114.flac
2836,F,train-clean-100,48880,train-clean-100/2836/5354/2836-5354-0041.flac
5456,M,train-clean-100,48960,train-clean-100/5456/24741/5456-24741-0007.flac
5750,M,train-clean-100,49040,train-clean-100/5750/35690/5750-35690-0026.flac
3242,M,train-clean-100,49040,train-clean-100/3242/8112/3242-8112-0024.flac
5339,F,train-clean-100,49040,train-clean-100/5339/14134/5339-14134-0051.flac
1624,M,train-clean-100,49120,train-clean-100/1624/142933/1624-142933-0000.flac
7402,M,train-clean-100,49120,train-clean-100/7402/59171/7402-59171-0045.flac
7148,F,train-clean-100,49120,train-clean-100/7148/7763/7148-7763-0019.flac
27,M,train-clean-100,49120,train-clean-100/27/124992/27-124992-0013.flac
7402,M,train-clean-100,49120,train-clean-100/7402/59171/7402-59171-0026.flac
4051,F,train-clean-100,49200,train-clean-100/4051/11218/4051-11218-0029.flac
458,M,train-clean-100,49200,train-clean-100/458/126294/458-126294-0001.flac
831,M,train-clean-100,49200,train-clean-100/831/130746/831-130746-0060.flac
1098,F,train-clean-100,49200,train-clean-100/1098/133695/1098-133695-0082.flac
6385,F,train-clean-100,49280,train-clean-100/6385/220959/6385-220959-0040.flac
1455,M,train-clean-100,49280,train-clean-100/1455/138263/1455-138263-0011.flac
201,M,train-clean-100,49360,train-clean-100/201/122255/201-122255-0044.flac
5514,F,train-clean-100,49440,train-clean-100/5514/19192/5514-19192-0043.flac
7113,F,train-clean-100,49440,train-clean-100/7113/86041/7113-86041-0042.flac
5808,M,train-clean-100,49440,train-clean-100/5808/54425/5808-54425-0049.flac
6181,M,train-clean-100,49440,train-clean-100/6181/216552/6181-216552-0081.flac
4340,F,train-clean-100,49520,train-clean-100/4340/15220/4340-15220-0097.flac
27,M,train-clean-100,49520,train-clean-100/27/124992/27-124992-0003.flac
1594,M,train-clean-100,49600,train-clean-100/1594/135914/1594-135914-0104.flac
5688,F,train-clean-100,49680,train-clean-100/5688/41232/5688-41232-0052.flac
2989,F,train-clean-100,49680,train-clean-100/2989/138028/2989-138028-0044.flac
32,F,train-clean-100,49680,train-clean-100/32/4137/32-4137-0031.flac
5561,F,train-clean-100,49680,train-clean-100/5561/39621/5561-39621-0010.flac
4898,M,train-clean-100,49760,train-clean-100/4898/28461/4898-28461-0056.flac
2989,F,train-clean-100,49840,train-clean-100/2989/138035/2989-138035-0019.flac
4340,F,train-clean-100,49840,train-clean-100/4340/15220/4340-15220-0085.flac
5192,M,train-clean-100,49840,train-clean-100/5192/19397/5192-19397-0059.flac
2136,M,train-clean-100,49840,train-clean-100/2136/5143/2136-5143-0029.flac
3436,M,train-clean-100,49840,train-clean-100/3436/172171/3436-172171-0062.flac
1841,F,train-clean-100,49920,train-clean-100/1841/150351/1841-150351-0019.flac
1926,F,train-clean-100,49920,train-clean-100/1926/143879/1926-143879-0004.flac
328,F,train-clean-100,49920,train-clean-100/328/129766/328-129766-0070.flac
2989,F,train-clean-100,49920,train-clean-100/2989/138028/2989-138028-0015.flac
3112,F,train-clean-100,50000,train-clean-100/3112/9555/3112-9555-0000.flac
201,M,train-clean-100,50000,train-clean-100/201/122255/201-122255-0008.flac
39,F,train-clean-100,50000,train-clean-100/39/121914/39-121914-0025.flac
5339,F,train-clean-100,50000,train-clean-100/5339/14134/5339-14134-0068.flac
2007,F,train-clean-100,50001,train-clean-100/2007/132570/2007-132570-0009.flac
254,M,train-clean-100,50080,train-clean-100/254/127705/254-127705-0021.flac
2764,F,train-clean-100,50080,train-clean-100/2764/36617/2764-36617-0019.flac
3214,M,train-clean-100,50160,train-clean-100/3214/167602/3214-167602-0028.flac
8465,F,train-clean-100,50160,train-clean-100/8465/246943/8465-246943-0004.flac
6836,M,train-clean-100,50160,train-clean-100/6836/76549/6836-76549-0004.flac
5456,M,train-clean-100,50240,train-clean-100/5456/24741/5456-24741-0005.flac
5192,M,train-clean-100,50240,train-clean-100/5192/19397/5192-19397-0058.flac
2159,M,train-clean-100,50240,train-clean-100/2159/179156/2159-179156-0031.flac
4014,M,train-clean-100,50320,train-clean-100/4014/186183/4014-186183-0011.flac
78,M,train-clean-100,50320,train-clean-100/78/368/78-368-0031.flac
27,M,train-clean-100,50320,train-clean-100/27/124992/27-124992-0006.flac
8312,F,train-clean-100,50320,train-clean-100/8312/279791/8312-279791-0028.flac
2002,M,train-clean-100,50320,train-clean-100/2002/139469/2002-139469-0040.flac
1081,M,train-clean-100,50400,train-clean-100/1081/125237/1081-125237-0032.flac
5456,M,train-clean-100,50400,train-clean-100/5456/24741/5456-24741-0002.flac
7264,M,train-clean-100,50400,train-clean-100/7264/92314/7264-92314-0030.flac
2436,M,train-clean-100,50400,train-clean-100/2436/2476/2436-2476-0034.flac
4014,M,train-clean-100,50400,train-clean-100/4014/186176/4014-186176-0029.flac
669,F,train-clean-100,50480,train-clean-100/669/129061/669-129061-0014.flac
1502,F,train-clean-100,50480,train-clean-100/1502/122615/1502-122615-0031.flac
2989,F,train-clean-100,50480,train-clean-100/2989/138035/2989-138035-0048.flac
125,F,train-clean-100,50480,train-clean-100/125/121124/125-121124-0048.flac
1081,M,train-clean-100,50560,train-clean-100/1081/125237/1081-125237-0045.flac
7780,F,train-clean-100,50560,train-clean-100/7780/274562/7780-274562-0066.flac
211,F,train-clean-100,50560,train-clean-100/211/122442/211-122442-0027.flac
4680,F,train-clean-100,50560,train-clean-100/4680/16026/4680-16026-0003.flac
3607,M,train-clean-100,50560,train-clean-100/3607/29116/3607-29116-0014.flac
1594,M,train-clean-100,50560,train-clean-100/1594/135914/1594-135914-0101.flac
89,F,train-clean-100,50560,train-clean-100/89/219/89-219-0010.flac
8770,M,train-clean-100,50640,train-clean-100/8770/295463/8770-295463-0024.flac
27,M,train-clean-100,50640,train-clean-100/27/124992/27-124992-0029.flac
446,M,train-clean-100,50720,train-clean-100/446/123501/446-123501-0045.flac
1334,M,train-clean-100,50720,train-clean-100/1334/135589/1334-135589-0030.flac
125,F,train-clean-100,50720,train-clean-100/125/121124/125-121124-0085.flac
445,M,train-clean-100,50720,train-clean-100/445/123860/445-123860-0023.flac
2989,F,train-clean-100,50720,train-clean-100/2989/138028/2989-138028-0045.flac
2002,M,train-clean-100,50720,train-clean-100/2002/139469/2002-139469-0115.flac
8629,M,train-clean-100,50800,train-clean-100/8629/261139/8629-261139-0030.flac
730,F,train-clean-100,50800,train-clean-100/730/360/730-360-0042.flac
8108,M,train-clean-100,50800,train-clean-100/8108/280354/8108-280354-0018.flac
4853,F,train-clean-100,50800,train-clean-100/4853/27671/4853-27671-0027.flac
1098,F,train-clean-100,50800,train-clean-100/1098/133695/1098-133695-0067.flac
446,M,train-clean-100,50800,train-clean-100/446/123501/446-123501-0025.flac
8051,F,train-clean-100,50800,train-clean-100/8051/118101/8051-118101-0016.flac
4088,F,train-clean-100,50800,train-clean-100/4088/158077/4088-158077-0084.flac
6078,F,train-clean-100,50880,train-clean-100/6078/54007/6078-54007-0024.flac
2182,F,train-clean-100,51040,train-clean-100/2182/181173/2182-181173-0037.flac
27,M,train-clean-100,51040,train-clean-100/27/124992/27-124992-0022.flac
118,M,train-clean-100,51040,train-clean-100/118/121721/118-121721-0014.flac
2416,F,train-clean-100,51040,train-clean-100/2416/152139/2416-152139-0022.flac
1040,M,train-clean-100,51120,train-clean-100/1040/133433/1040-133433-0006.flac
8629,M,train-clean-100,51120,train-clean-100/8629/261140/8629-261140-0019.flac
1970,F,train-clean-100,51200,train-clean-100/1970/26100/1970-26100-0036.flac
6078,F,train-clean-100,51200,train-clean-100/6078/54013/6078-54013-0059.flac
1447,F,train-clean-100,51280,train-clean-100/1447/17506/1447-17506-0000.flac
8088,M,train-clean-100,51280,train-clean-100/8088/284756/8088-284756-0008.flac
4014,M,train-clean-100,51280,train-clean-100/4014/186179/4014-186179-0017.flac
6000,F,train-clean-100,51360,train-clean-100/6000/86686/6000-86686-0012.flac
5808,M,train-clean-100,51360,train-clean-100/5808/48608/5808-48608-0051.flac
4680,F,train-clean-100,51360,train-clean-100/4680/16026/4680-16026-0018.flac
5867,F,train-clean-100,51360,train-clean-100/5867/48852/5867-48852-0026.flac
4014,M,train-clean-100,51360,train-clean-100/4014/186183/4014-186183-0022.flac
403,F,train-clean-100,51360,train-clean-100/403/216/403-216-0014.flac
5750,M,train-clean-100,51440,train-clean-100/5750/35690/5750-35690-0012.flac
5688,F,train-clean-100,51440,train-clean-100/5688/15787/5688-15787-0042.flac
7226,M,train-clean-100,51440,train-clean-100/7226/86965/7226-86965-0016.flac
3436,M,train-clean-100,51520,train-clean-100/3436/172162/3436-172162-0052.flac
5049,M,train-clean-100,51520,train-clean-100/5049/25947/5049-25947-0074.flac
8425,M,train-clean-100,51520,train-clean-100/8425/287387/8425-287387-0027.flac
118,M,train-clean-100,51600,train-clean-100/118/47824/118-47824-0040.flac
5192,M,train-clean-100,51600,train-clean-100/5192/19397/5192-19397-0071.flac
5808,M,train-clean-100,51600,train-clean-100/5808/54425/5808-54425-0043.flac
730,F,train-clean-100,51680,train-clean-100/730/359/730-359-0004.flac
5514,F,train-clean-100,51680,train-clean-100/5514/19192/5514-19192-0025.flac
7302,F,train-clean-100,51680,train-clean-100/7302/86815/7302-86815-0036.flac
5104,M,train-clean-100,51680,train-clean-100/5104/33407/5104-33407-0019.flac
3242,M,train-clean-100,51680,train-clean-100/3242/8112/3242-8112-0009.flac
4014,M,train-clean-100,51760,train-clean-100/4014/186176/4014-186176-0034.flac
211,F,train-clean-100,51760,train-clean-100/211/122442/211-122442-0070.flac
8629,M,train-clean-100,51760,train-clean-100/8629/261139/8629-261139-0064.flac
8063,M,train-clean-100,51760,train-clean-100/8063/274116/8063-274116-0040.flac
83,F,train-clean-100,51840,train-clean-100/83/11691/83-11691-0037.flac
4014,M,train-clean-100,51840,train-clean-100/4014/186176/4014-186176-0030.flac
1088,F,train-clean-100,51840,train-clean-100/1088/134315/1088-134315-0023.flac
1898,F,train-clean-100,51840,train-clean-100/1898/145715/1898-145715-0043.flac
6531,F,train-clean-100,51920,train-clean-100/6531/61334/6531-61334-0026.flac
5456,M,train-clean-100,52000,train-clean-100/5456/24741/5456-24741-0010.flac
7800,F,train-clean-100,52000,train-clean-100/7800/283492/7800-283492-0012.flac
7190,M,train-clean-100,52000,train-clean-100/7190/90542/7190-90542-0053.flac
1447,F,train-clean-100,52000,train-clean-100/1447/130550/1447-130550-0021.flac
2092,F,train-clean-100,52080,train-clean-100/2092/145706/2092-145706-0059.flac
1116,F,train-clean-100,52080,train-clean-100/1116/132851/1116-132851-0001.flac
3112,F,train-clean-100,52080,train-clean-100/3112/9555/3112-9555-0026.flac
4014,M,train-clean-100,52080,train-clean-100/4014/186176/4014-186176-0000.flac
2817,F,train-clean-100,52080,train-clean-100/2817/142371/2817-142371-0036.flac
3112,F,train-clean-100,52080,train-clean-100/3112/9555/3112-9555-0036.flac
1455,M,train-clean-100,52160,train-clean-100/1455/138263/1455-138263-0023.flac
5688,F,train-clean-100,52160,train-clean-100/5688/41232/5688-41232-0041.flac
730,F,train-clean-100,52240,train-clean-100/730/360/730-360-0039.flac
4898,M,train-clean-100,52320,train-clean-100/4898/28461/4898-28461-0054.flac
6078,F,train-clean-100,52320,train-clean-100/6078/54013/6078-54013-0078.flac
7859,F,train-clean-100,52320,train-clean-100/7859/102519/7859-102519-0047.flac
1455,M,train-clean-100,52320,train-clean-100/1455/138263/1455-138263-0002.flac
125,F,train-clean-100,52320,train-clean-100/125/121124/125-121124-0020.flac
7278,M,train-clean-100,52320,train-clean-100/7278/104730/7278-104730-0042.flac
7078,F,train-clean-100,52400,train-clean-100/7078/271888/7078-271888-0064.flac
5049,M,train-clean-100,52400,train-clean-100/5049/25947/5049-25947-0110.flac
1363,F,train-clean-100,52400,train-clean-100/1363/135842/1363-135842-0008.flac
7113,F,train-clean-100,52400,train-clean-100/7113/86041/7113-86041-0110.flac
118,M,train-clean-100,52400,train-clean-100/118/121721/118-121721-0027.flac
1502,F,train-clean-100,52400,train-clean-100/1502/122615/1502-122615-0026.flac
4014,M,train-clean-100,52480,train-clean-100/4014/186179/4014-186179-0040.flac
3486,M,train-clean-100,52480,train-clean-100/3486/166424/3486-166424-0027.flac
6563,M,train-clean-100,52560,train-clean-100/6563/285357/6563-285357-0032.flac
3374,M,train-clean-100,52560,train-clean-100/3374/298025/3374-298025-0009.flac
4267,M,train-clean-100,52560,train-clean-100/4267/72637/4267-72637-0020.flac
6531,F,train-clean-100,52561,train-clean-100/6531/61334/6531-61334-0127.flac
311,M,train-clean-100,52640,train-clean-100/311/124404/311-124404-0084.flac
233,M,train-clean-100,52640,train-clean-100/233/134440/233-134440-0040.flac
374,M,train-clean-100,52640,train-clean-100/374/180299/374-180299-0001.flac
2989,F,train-clean-100,52720,train-clean-100/2989/138028/2989-138028-0043.flac
7148,F,train-clean-100,52720,train-clean-100/7148/59157/7148-59157-0010.flac
3982,F,train-clean-100,52720,train-clean-100/3982/178459/3982-178459-0004.flac
1098,F,train-clean-100,52720,train-clean-100/1098/133695/1098-133695-0011.flac
2384,M,train-clean-100,52800,train-clean-100/2384/152900/2384-152900-0031.flac
3214,M,train-clean-100,52800,train-clean-100/3214/167607/3214-167607-0009.flac
4137,F,train-clean-100,52800,train-clean-100/4137/11701/4137-11701-0016.flac
5022,F,train-clean-100,52800,train-clean-100/5022/29405/5022-29405-0026.flac
2002,M,train-clean-100,52800,train-clean-100/2002/139469/2002-139469-0059.flac
27,M,train-clean-100,52800,train-clean-100/27/124992/27-124992-0025.flac
8312,F,train-clean-100,52800,train-clean-100/8312/279790/8312-279790-0021.flac
118,M,train-clean-100,52800,train-clean-100/118/47824/118-47824-0065.flac
625,M,train-clean-100,52880,train-clean-100/625/132112/625-132112-0004.flac
1081,M,train-clean-100,52880,train-clean-100/1081/125237/1081-125237-0064.flac
118,M,train-clean-100,52960,train-clean-100/118/47824/118-47824-0085.flac
4051,F,train-clean-100,52960,train-clean-100/4051/11218/4051-11218-0025.flac
2391,F,train-clean-100,53040,train-clean-100/2391/145015/2391-145015-0071.flac
3983,F,train-clean-100,53040,train-clean-100/3983/5371/3983-5371-0040.flac
1116,F,train-clean-100,53040,train-clean-100/1116/132851/1116-132851-0018.flac
5339,F,train-clean-100,53040,train-clean-100/5339/14133/5339-14133-0044.flac
8468,F,train-clean-100,53040,train-clean-100/8468/286673/8468-286673-0040.flac
27,M,train-clean-100,53040,train-clean-100/27/124992/27-124992-0004.flac
3486,M,train-clean-100,53040,train-clean-100/3486/166424/3486-166424-0047.flac
8063,M,train-clean-100,53040,train-clean-100/8063/274117/8063-274117-0020.flac
229,M,train-clean-100,53120,train-clean-100/229/130880/229-130880-0046.flac
1183,F,train-clean-100,53120,train-clean-100/1183/128659/1183-128659-0010.flac
5688,F,train-clean-100,53120,train-clean-100/5688/41232/5688-41232-0059.flac
460,M,train-clean-100,53120,train-clean-100/460/172359/460-172359-0082.flac
481,M,train-clean-100,53120,train-clean-100/481/123720/481-123720-0041.flac
4014,M,train-clean-100,53200,train-clean-100/4014/186175/4014-186175-0007.flac
6476,F,train-clean-100,53280,train-clean-100/6476/57446/6476-57446-0039.flac
3374,M,train-clean-100,53280,train-clean-100/3374/298025/3374-298025-0003.flac
2989,F,train-clean-100,53360,train-clean-100/2989/138035/2989-138035-0015.flac
8095,M,train-clean-100,53360,train-clean-100/8095/274346/8095-274346-0020.flac
8063,M,train-clean-100,53440,train-clean-100/8063/274115/8063-274115-0025.flac
5322,M,train-clean-100,53440,train-clean-100/5322/7679/5322-7679-0035.flac
3879,F,train-clean-100,53520,train-clean-100/3879/174923/3879-174923-0017.flac
3259,F,train-clean-100,53520,train-clean-100/3259/158083/3259-158083-0028.flac
27,M,train-clean-100,53520,train-clean-100/27/124992/27-124992-0009.flac
211,F,train-clean-100,53600,train-clean-100/211/122425/211-122425-0071.flac
669,F,train-clean-100,53600,train-clean-100/669/129074/669-129074-0018.flac
441,F,train-clean-100,53600,train-clean-100/441/128982/441-128982-0027.flac
4014,M,train-clean-100,53600,train-clean-100/4014/186179/4014-186179-0027.flac
8975,F,train-clean-100,53680,train-clean-100/8975/270782/8975-270782-0052.flac
5750,M,train-clean-100,53680,train-clean-100/5750/35690/5750-35690-0027.flac
2952,M,train-clean-100,53680,train-clean-100/2952/410/2952-410-0058.flac
460,M,train-clean-100,53680,train-clean-100/460/172359/460-172359-0055.flac
7264,M,train-clean-100,53680,train-clean-100/7264/92310/7264-92310-0027.flac
4014,M,train-clean-100,53760,train-clean-100/4014/186176/4014-186176-0036.flac
1992,F,train-clean-100,53760,train-clean-100/1992/141719/1992-141719-0044.flac
5808,M,train-clean-100,53760,train-clean-100/5808/54425/5808-54425-0046.flac
7859,F,train-clean-100,53760,train-clean-100/7859/102518/7859-102518-0011.flac
1447,F,train-clean-100,53760,train-clean-100/1447/130550/1447-130550-0018.flac
211,F,train-clean-100,53760,train-clean-100/211/122442/211-122442-0077.flac
6081,M,train-clean-100,53840,train-clean-100/6081/41998/6081-41998-0043.flac
3214,M,train-clean-100,53840,train-clean-100/3214/167602/3214-167602-0013.flac
3235,F,train-clean-100,53840,train-clean-100/3235/28452/3235-28452-0019.flac
5393,F,train-clean-100,53840,train-clean-100/5393/19218/5393-19218-0017.flac
7302,F,train-clean-100,53840,train-clean-100/7302/86815/7302-86815-0022.flac
6078,F,train-clean-100,53840,train-clean-100/6078/54013/6078-54013-0034.flac
3240,M,train-clean-100,53920,train-clean-100/3240/131231/3240-131231-0054.flac
6078,F,train-clean-100,53920,train-clean-100/6078/54013/6078-54013-0000.flac
1737,F,train-clean-100,54000,train-clean-100/1737/142397/1737-142397-0007.flac
8226,M,train-clean-100,54000,train-clean-100/8226/274369/8226-274369-0020.flac
2952,M,train-clean-100,54000,train-clean-100/2952/410/2952-410-0000.flac
1116,F,train-clean-100,54000,train-clean-100/1116/132847/1116-132847-0031.flac
8465,F,train-clean-100,54000,train-clean-100/8465/246940/8465-246940-0011.flac
1963,F,train-clean-100,54080,train-clean-100/1963/142776/1963-142776-0001.flac
2989,F,train-clean-100,54080,train-clean-100/2989/138028/2989-138028-0030.flac
3240,M,train-clean-100,54160,train-clean-100/3240/131231/3240-131231-0051.flac
8014,F,train-clean-100,54160,train-clean-100/8014/112602/8014-112602-0024.flac
125,F,train-clean-100,54160,train-clean-100/125/121124/125-121124-0064.flac
83,F,train-clean-100,54160,train-clean-100/83/11691/83-11691-0030.flac
26,M,train-clean-100,54240,train-clean-100/26/496/26-496-0006.flac
248,F,train-clean-100,54240,train-clean-100/248/130644/248-130644-0036.flac
8797,M,train-clean-100,54240,train-clean-100/8797/294123/8797-294123-0000.flac
7800,F,train-clean-100,54240,train-clean-100/7800/283493/7800-283493-0038.flac
1455,M,train-clean-100,54240,train-clean-100/1455/134435/1455-134435-0058.flac
481,M,train-clean-100,54240,train-clean-100/481/123720/481-123720-0028.flac
7635,F,train-clean-100,54320,train-clean-100/7635/105409/7635-105409-0041.flac
696,F,train-clean-100,54320,train-clean-100/696/93314/696-93314-0002.flac
7859,F,train-clean-100,54320,train-clean-100/7859/102519/7859-102519-0020.flac
6836,M,train-clean-100,54320,train-clean-100/6836/61803/6836-61803-0024.flac
2007,F,train-clean-100,54320,train-clean-100/2007/132570/2007-132570-0039.flac
4088,F,train-clean-100,54320,train-clean-100/4088/158077/4088-158077-0048.flac
322,F,train-clean-100,54400,train-clean-100/322/124147/322-124147-0020.flac
3259,F,train-clean-100,54400,train-clean-100/3259/158083/3259-158083-0041.flac
669,F,train-clean-100,54480,train-clean-100/669/129074/669-129074-0009.flac
2764,F,train-clean-100,54480,train-clean-100/2764/36616/2764-36616-0000.flac
839,M,train-clean-100,54560,train-clean-100/839/130898/839-130898-0061.flac
6531,F,train-clean-100,54560,train-clean-100/6531/61334/6531-61334-0054.flac
4195,F,train-clean-100,54640,train-clean-100/4195/17507/4195-17507-0035.flac
254,M,train-clean-100,54640,train-clean-100/254/27760/254-27760-0003.flac
730,F,train-clean-100,54640,train-clean-100/730/359/730-359-0038.flac
8770,M,train-clean-100,54720,train-clean-100/8770/295465/8770-295465-0030.flac
2289,M,train-clean-100,54720,train-clean-100/2289/152254/2289-152254-0014.flac
730,F,train-clean-100,54800,train-clean-100/730/358/730-358-0033.flac
2136,M,train-clean-100,54800,train-clean-100/2136/5143/2136-5143-0007.flac
445,M,train-clean-100,54800,train-clean-100/445/123857/445-123857-0007.flac
2518,M,train-clean-100,54800,train-clean-100/2518/154826/2518-154826-0045.flac
7302,F,train-clean-100,54800,train-clean-100/7302/86814/7302-86814-0029.flac
3168,M,train-clean-100,54800,train-clean-100/3168/173565/3168-173565-0036.flac
8238,F,train-clean-100,54880,train-clean-100/8238/274553/8238-274553-0022.flac
1898,F,train-clean-100,54960,train-clean-100/1898/145715/1898-145715-0019.flac
6064,F,train-clean-100,54960,train-clean-100/6064/56165/6064-56165-0017.flac
200,F,train-clean-100,54960,train-clean-100/200/126784/200-126784-0011.flac
39,F,train-clean-100,55040,train-clean-100/39/121915/39-121915-0026.flac
5703,M,train-clean-100,55040,train-clean-100/5703/47198/5703-47198-0059.flac
4195,F,train-clean-100,55040,train-clean-100/4195/17507/4195-17507-0048.flac
27,M,train-clean-100,55040,train-clean-100/27/123349/27-123349-0025.flac
2952,M,train-clean-100,55040,train-clean-100/2952/410/2952-410-0050.flac
1898,F,train-clean-100,55120,train-clean-100/1898/145715/1898-145715-0035.flac
6925,M,train-clean-100,55120,train-clean-100/6925/80680/6925-80680-0036.flac
5652,F,train-clean-100,55200,train-clean-100/5652/39938/5652-39938-0054.flac
8238,F,train-clean-100,55200,train-clean-100/8238/274553/8238-274553-0051.flac
4014,M,train-clean-100,55360,train-clean-100/4014/186176/4014-186176-0003.flac
4195,F,train-clean-100,55360,train-clean-100/4195/17507/4195-17507-0036.flac
5456,M,train-clean-100,55360,train-clean-100/5456/24741/5456-24741-0018.flac
839,M,train-clean-100,55440,train-clean-100/839/130898/839-130898-0043.flac
4195,F,train-clean-100,55440,train-clean-100/4195/186236/4195-186236-0027.flac
6476,F,train-clean-100,55520,train-clean-100/6476/96661/6476-96661-0015.flac
27,M,train-clean-100,55520,train-clean-100/27/124992/27-124992-0063.flac
6531,F,train-clean-100,55520,train-clean-100/6531/61334/6531-61334-0076.flac
8226,M,train-clean-100,55600,train-clean-100/8226/274369/8226-274369-0044.flac
40,F,train-clean-100,55600,train-clean-100/40/121026/40-121026-0012.flac
1553,F,train-clean-100,55600,train-clean-100/1553/140048/1553-140048-0035.flac
4014,M,train-clean-100,55600,train-clean-100/4014/186175/4014-186175-0029.flac
3526,F,train-clean-100,55600,train-clean-100/3526/176653/3526-176653-0050.flac
211,F,train-clean-100,55680,train-clean-100/211/122425/211-122425-0066.flac
7302,F,train-clean-100,55680,train-clean-100/7302/86814/7302-86814-0028.flac
211,F,train-clean-100,55760,train-clean-100/211/122442/211-122442-0012.flac
1183,F,train-clean-100,55760,train-clean-100/1183/133256/1183-133256-0009.flac
8629,M,train-clean-100,55760,train-clean-100/8629/261140/8629-261140-0030.flac
4195,F,train-clean-100,55760,train-clean-100/4195/186238/4195-186238-0000.flac
625,M,train-clean-100,55760,train-clean-100/625/132112/625-132112-0053.flac
1081,M,train-clean-100,55840,train-clean-100/1081/125237/1081-125237-0094.flac
89,F,train-clean-100,55840,train-clean-100/89/219/89-219-0046.flac
26,M,train-clean-100,55840,train-clean-100/26/495/26-495-0030.flac
1502,F,train-clean-100,56000,train-clean-100/1502/122615/1502-122615-0027.flac
5322,M,train-clean-100,56000,train-clean-100/5322/7678/5322-7678-0009.flac
4195,F,train-clean-100,56160,train-clean-100/4195/186236/4195-186236-0006.flac
5393,F,train-clean-100,56160,train-clean-100/5393/19219/5393-19219-0053.flac
5022,F,train-clean-100,56240,train-clean-100/5022/29411/5022-29411-0017.flac
6531,F,train-clean-100,56240,train-clean-100/6531/61334/6531-61334-0084.flac
211,F,train-clean-100,56240,train-clean-100/211/122442/211-122442-0052.flac
7278,M,train-clean-100,56240,train-clean-100/7278/104730/7278-104730-0022.flac
7302,F,train-clean-100,56240,train-clean-100/7302/86815/7302-86815-0075.flac
2007,F,train-clean-100,56320,train-clean-100/2007/132570/2007-132570-0049.flac
7859,F,train-clean-100,56320,train-clean-100/7859/102519/7859-102519-0019.flac
27,M,train-clean-100,56320,train-clean-100/27/124992/27-124992-0057.flac
909,M,train-clean-100,56320,train-clean-100/909/131041/909-131041-0001.flac
4014,M,train-clean-100,56320,train-clean-100/4014/186176/4014-186176-0024.flac
27,M,train-clean-100,56320,train-clean-100/27/124992/27-124992-0065.flac
1246,F,train-clean-100,56400,train-clean-100/1246/124548/1246-124548-0041.flac
5049,M,train-clean-100,56400,train-clean-100/5049/25947/5049-25947-0072.flac
426,F,train-clean-100,56400,train-clean-100/426/122819/426-122819-0015.flac
5688,F,train-clean-100,56400,train-clean-100/5688/41232/5688-41232-0037.flac
8324,F,train-clean-100,56400,train-clean-100/8324/286683/8324-286683-0012.flac
481,M,train-clean-100,56400,train-clean-100/481/123719/481-123719-0004.flac
6476,F,train-clean-100,56400,train-clean-100/6476/96661/6476-96661-0016.flac
198,F,train-clean-100,56480,train-clean-100/198/209/198-209-0013.flac
5514,F,train-clean-100,56560,train-clean-100/5514/19192/5514-19192-0042.flac
211,F,train-clean-100,56560,train-clean-100/211/122442/211-122442-0048.flac
6531,F,train-clean-100,56560,train-clean-100/6531/61334/6531-61334-0002.flac
2836,F,train-clean-100,56560,train-clean-100/2836/5354/2836-5354-0050.flac
254,M,train-clean-100,56560,train-clean-100/254/127705/254-127705-0027.flac
1867,M,train-clean-100,56560,train-clean-100/1867/148436/1867-148436-0012.flac
1183,F,train-clean-100,56560,train-clean-100/1183/133255/1183-133255-0009.flac
6078,F,train-clean-100,56640,train-clean-100/6078/54007/6078-54007-0030.flac
1363,F,train-clean-100,56640,train-clean-100/1363/135842/1363-135842-0012.flac
669,F,train-clean-100,56640,train-clean-100/669/129061/669-129061-0033.flac
1970,F,train-clean-100,56640,train-clean-100/1970/10594/1970-10594-0029.flac
730,F,train-clean-100,56640,train-clean-100/730/358/730-358-0059.flac
3982,F,train-clean-100,56720,train-clean-100/3982/178459/3982-178459-0007.flac
2391,F,train-clean-100,56720,train-clean-100/2391/145015/2391-145015-0077.flac
4014,M,train-clean-100,56800,train-clean-100/4014/186176/4014-186176-0011.flac
1447,F,train-clean-100,56800,train-clean-100/1447/130551/1447-130551-0003.flac
6925,M,train-clean-100,56800,train-clean-100/6925/80680/6925-80680-0016.flac
4406,M,train-clean-100,56880,train-clean-100/4406/16882/4406-16882-0057.flac
1594,M,train-clean-100,56880,train-clean-100/1594/135914/1594-135914-0052.flac
4014,M,train-clean-100,56880,train-clean-100/4014/186176/4014-186176-0033.flac
6000,F,train-clean-100,56880,train-clean-100/6000/86686/6000-86686-0022.flac
1183,F,train-clean-100,56960,train-clean-100/1183/128659/1183-128659-0012.flac
322,F,train-clean-100,56960,train-clean-100/322/124146/322-124146-0023.flac
3240,M,train-clean-100,56960,train-clean-100/3240/131231/3240-131231-0006.flac
2289,M,train-clean-100,56960,train-clean-100/2289/152258/2289-152258-0015.flac
4014,M,train-clean-100,57040,train-clean-100/4014/186176/4014-186176-0022.flac
1624,M,train-clean-100,57040,train-clean-100/1624/168623/1624-168623-0037.flac
1455,M,train-clean-100,57040,train-clean-100/1455/134435/1455-134435-0019.flac
211,F,train-clean-100,57040,train-clean-100/211/122425/211-122425-0072.flac
3879,F,train-clean-100,57040,train-clean-100/3879/173592/3879-173592-0043.flac
8629,M,train-clean-100,57040,train-clean-100/8629/261139/8629-261139-0067.flac
1183,F,train-clean-100,57120,train-clean-100/1183/133256/1183-133256-0025.flac
27,M,train-clean-100,57120,train-clean-100/27/124992/27-124992-0020.flac
5778,F,train-clean-100,57200,train-clean-100/5778/12761/5778-12761-0032.flac
78,M,train-clean-100,57200,train-clean-100/78/368/78-368-0042.flac
5561,F,train-clean-100,57200,train-clean-100/5561/41615/5561-41615-0000.flac
6000,F,train-clean-100,57280,train-clean-100/6000/55211/6000-55211-0010.flac
3982,F,train-clean-100,57280,train-clean-100/3982/178459/3982-178459-0036.flac
2989,F,train-clean-100,57360,train-clean-100/2989/138035/2989-138035-0031.flac
2817,F,train-clean-100,57440,train-clean-100/2817/142371/2817-142371-0062.flac
1898,F,train-clean-100,57440,train-clean-100/1898/145715/1898-145715-0049.flac
7264,M,train-clean-100,57520,train-clean-100/7264/92310/7264-92310-0008.flac
5750,M,train-clean-100,57520,train-clean-100/5750/35690/5750-35690-0002.flac
118,M,train-clean-100,57520,train-clean-100/118/121721/118-121721-0000.flac
1447,F,train-clean-100,57600,train-clean-100/1447/130550/1447-130550-0002.flac
1246,F,train-clean-100,57600,train-clean-100/1246/135815/1246-135815-0016.flac
5789,F,train-clean-100,57680,train-clean-100/5789/57195/5789-57195-0035.flac
3168,M,train-clean-100,57760,train-clean-100/3168/173565/3168-173565-0046.flac
307,M,train-clean-100,57840,train-clean-100/307/127535/307-127535-0017.flac
839,M,train-clean-100,57840,train-clean-100/839/130898/839-130898-0056.flac
7367,M,train-clean-100,57920,train-clean-100/7367/86737/7367-86737-0040.flac
3242,M,train-clean-100,58000,train-clean-100/3242/8112/3242-8112-0044.flac
5456,M,train-clean-100,58000,train-clean-100/5456/24741/5456-24741-0017.flac
7367,M,train-clean-100,58080,train-clean-100/7367/86737/7367-86737-0000.flac
311,M,train-clean-100,58080,train-clean-100/311/124404/311-124404-0063.flac
5049,M,train-clean-100,58080,train-clean-100/5049/25947/5049-25947-0061.flac
8747,M,train-clean-100,58160,train-clean-100/8747/293952/8747-293952-0109.flac
3440,F,train-clean-100,58160,train-clean-100/3440/171006/3440-171006-0024.flac
1963,F,train-clean-100,58160,train-clean-100/1963/142776/1963-142776-0017.flac
5561,F,train-clean-100,58240,train-clean-100/5561/39621/5561-39621-0022.flac
27,M,train-clean-100,58240,train-clean-100/27/124992/27-124992-0037.flac
5688,F,train-clean-100,58240,train-clean-100/5688/15787/5688-15787-0028.flac
8238,F,train-clean-100,58241,train-clean-100/8238/274553/8238-274553-0041.flac
625,M,train-clean-100,58320,train-clean-100/625/132112/625-132112-0031.flac
4018,M,train-clean-100,58400,train-clean-100/4018/107338/4018-107338-0002.flac
7190,M,train-clean-100,58400,train-clean-100/7190/90542/7190-90542-0023.flac
7178,F,train-clean-100,58400,train-clean-100/7178/34644/7178-34644-0029.flac
1898,F,train-clean-100,58400,train-clean-100/1898/145724/1898-145724-0009.flac
83,F,train-clean-100,58400,train-clean-100/83/9960/83-9960-0019.flac
6078,F,train-clean-100,58400,train-clean-100/6078/54013/6078-54013-0024.flac
3879,F,train-clean-100,58400,train-clean-100/3879/174923/3879-174923-0070.flac
8063,M,train-clean-100,58480,train-clean-100/8063/274115/8063-274115-0027.flac
7859,F,train-clean-100,58480,train-clean-100/7859/102519/7859-102519-0051.flac
6385,F,train-clean-100,58560,train-clean-100/6385/220959/6385-220959-0042.flac
2764,F,train-clean-100,58560,train-clean-100/2764/36617/2764-36617-0037.flac
7078,F,train-clean-100,58640,train-clean-100/7078/271888/7078-271888-0087.flac
5688,F,train-clean-100,58720,train-clean-100/5688/41232/5688-41232-0038.flac
445,M,train-clean-100,58720,train-clean-100/445/123857/445-123857-0003.flac
1447,F,train-clean-100,58720,train-clean-100/1447/130550/1447-130550-0026.flac
7302,F,train-clean-100,58720,train-clean-100/7302/86815/7302-86815-0008.flac
3259,F,train-clean-100,58800,train-clean-100/3259/158083/3259-158083-0037.flac
211,F,train-clean-100,58800,train-clean-100/211/122442/211-122442-0083.flac
1034,M,train-clean-100,58800,train-clean-100/1034/121119/1034-121119-0042.flac
8226,M,train-clean-100,58800,train-clean-100/8226/274371/8226-274371-0045.flac
8975,F,train-clean-100,58880,train-clean-100/8975/270782/8975-270782-0108.flac
2518,M,train-clean-100,58960,train-clean-100/2518/154825/2518-154825-0037.flac
4137,F,train-clean-100,58960,train-clean-100/4137/11702/4137-11702-0029.flac
4441,M,train-clean-100,58960,train-clean-100/4441/76262/4441-76262-0000.flac
5049,M,train-clean-100,58960,train-clean-100/5049/25947/5049-25947-0103.flac
8747,M,train-clean-100,58960,train-clean-100/8747/293952/8747-293952-0056.flac
39,F,train-clean-100,58960,train-clean-100/39/121914/39-121914-0001.flac
3723,M,train-clean-100,58960,train-clean-100/3723/171631/3723-171631-0042.flac
8063,M,train-clean-100,58960,train-clean-100/8063/274117/8063-274117-0006.flac
6531,F,train-clean-100,59040,train-clean-100/6531/61334/6531-61334-0066.flac
8238,F,train-clean-100,59040,train-clean-100/8238/274553/8238-274553-0023.flac
2182,F,train-clean-100,59040,train-clean-100/2182/181183/2182-181183-0010.flac
1034,M,train-clean-100,59120,train-clean-100/1034/121119/1034-121119-0093.flac
4088,F,train-clean-100,59120,train-clean-100/4088/158077/4088-158077-0076.flac
2136,M,train-clean-100,59120,train-clean-100/2136/5143/2136-5143-0010.flac
6880,M,train-clean-100,59200,train-clean-100/6880/216547/6880-216547-0014.flac
3374,M,train-clean-100,59200,train-clean-100/3374/298026/3374-298026-0004.flac
5652,F,train-clean-100,59200,train-clean-100/5652/39938/5652-39938-0066.flac
887,F,train-clean-100,59280,train-clean-100/887/123291/887-123291-0029.flac
5049,M,train-clean-100,59280,train-clean-100/5049/25947/5049-25947-0010.flac
8098,M,train-clean-100,59360,train-clean-100/8098/275181/8098-275181-0015.flac
226,F,train-clean-100,59360,train-clean-100/226/131532/226-131532-0034.flac
5456,M,train-clean-100,59360,train-clean-100/5456/62014/5456-62014-0009.flac
307,M,train-clean-100,59360,train-clean-100/307/127539/307-127539-0005.flac
1447,F,train-clean-100,59360,train-clean-100/1447/130552/1447-130552-0005.flac
4267,M,train-clean-100,59360,train-clean-100/4267/78186/4267-78186-0029.flac
4680,F,train-clean-100,59360,train-clean-100/4680/16042/4680-16042-0004.flac
125,F,train-clean-100,59440,train-clean-100/125/121124/125-121124-0003.flac
125,F,train-clean-100,59440,train-clean-100/125/121124/125-121124-0086.flac
6367,M,train-clean-100,59440,train-clean-100/6367/74004/6367-74004-0028.flac
150,F,train-clean-100,59440,train-clean-100/150/132655/150-132655-0033.flac
6147,F,train-clean-100,59520,train-clean-100/6147/34605/6147-34605-0040.flac
3664,M,train-clean-100,59520,train-clean-100/3664/178366/3664-178366-0007.flac
1737,F,train-clean-100,59520,train-clean-100/1737/142396/1737-142396-0014.flac
839,M,train-clean-100,59600,train-clean-100/839/130898/839-130898-0013.flac
4014,M,train-clean-100,59600,train-clean-100/4014/186179/4014-186179-0046.flac
5192,M,train-clean-100,59600,train-clean-100/5192/19396/5192-19396-0022.flac
5390,M,train-clean-100,59680,train-clean-100/5390/24512/5390-24512-0041.flac
405,M,train-clean-100,59680,train-clean-100/405/130894/405-130894-0053.flac
4441,M,train-clean-100,59680,train-clean-100/4441/76263/4441-76263-0042.flac
8747,M,train-clean-100,59680,train-clean-100/8747/293952/8747-293952-0054.flac
4640,F,train-clean-100,59680,train-clean-100/4640/19187/4640-19187-0027.flac
4051,F,train-clean-100,59760,train-clean-100/4051/11217/4051-11217-0008.flac
39,F,train-clean-100,59760,train-clean-100/39/121915/39-121915-0007.flac
2764,F,train-clean-100,59760,train-clean-100/2764/36616/2764-36616-0009.flac
27,M,train-clean-100,59760,train-clean-100/27/124992/27-124992-0031.flac
460,M,train-clean-100,59760,train-clean-100/460/172359/460-172359-0040.flac
1898,F,train-clean-100,59840,train-clean-100/1898/145720/1898-145720-0012.flac
89,F,train-clean-100,59840,train-clean-100/89/219/89-219-0059.flac
8838,M,train-clean-100,59840,train-clean-100/8838/298546/8838-298546-0041.flac
3242,M,train-clean-100,59840,train-clean-100/3242/67153/3242-67153-0011.flac
6081,M,train-clean-100,59840,train-clean-100/6081/41997/6081-41997-0006.flac
1553,F,train-clean-100,59920,train-clean-100/1553/140047/1553-140047-0011.flac
3242,M,train-clean-100,59920,train-clean-100/3242/8112/3242-8112-0038.flac
118,M,train-clean-100,59920,train-clean-100/118/47824/118-47824-0032.flac
2391,F,train-clean-100,60000,train-clean-100/2391/145015/2391-145015-0105.flac
5561,F,train-clean-100,60000,train-clean-100/5561/41615/5561-41615-0005.flac
302,F,train-clean-100,60080,train-clean-100/302/123523/302-123523-0021.flac
2391,F,train-clean-100,60160,train-clean-100/2391/145015/2391-145015-0063.flac
3259,F,train-clean-100,60160,train-clean-100/3259/158083/3259-158083-0006.flac
7190,M,train-clean-100,60160,train-clean-100/7190/90543/7190-90543-0026.flac
3440,F,train-clean-100,60240,train-clean-100/3440/171009/3440-171009-0062.flac
1069,F,train-clean-100,60240,train-clean-100/1069/133709/1069-133709-0003.flac
125,F,train-clean-100,60320,train-clean-100/125/121124/125-121124-0088.flac
458,M,train-clean-100,60320,train-clean-100/458/126290/458-126290-0019.flac
2007,F,train-clean-100,60400,train-clean-100/2007/149877/2007-149877-0061.flac
8063,M,train-clean-100,60400,train-clean-100/8063/274112/8063-274112-0003.flac
730,F,train-clean-100,60400,train-clean-100/730/359/730-359-0018.flac
8629,M,train-clean-100,60400,train-clean-100/8629/261139/8629-261139-0041.flac
87,F,train-clean-100,60400,train-clean-100/87/121553/87-121553-0077.flac
2989,F,train-clean-100,60400,train-clean-100/2989/138035/2989-138035-0063.flac
1081,M,train-clean-100,60400,train-clean-100/1081/128618/1081-128618-0012.flac
150,F,train-clean-100,60400,train-clean-100/150/132655/150-132655-0026.flac
1624,M,train-clean-100,60480,train-clean-100/1624/168623/1624-168623-0019.flac
1447,F,train-clean-100,60480,train-clean-100/1447/130552/1447-130552-0007.flac
3242,M,train-clean-100,60480,train-clean-100/3242/67168/3242-67168-0012.flac
322,F,train-clean-100,60480,train-clean-100/322/124146/322-124146-0037.flac
2002,M,train-clean-100,60560,train-clean-100/2002/139469/2002-139469-0069.flac
6836,M,train-clean-100,60560,train-clean-100/6836/61803/6836-61803-0038.flac
5867,F,train-clean-100,60560,train-clean-100/5867/48852/5867-48852-0020.flac
730,F,train-clean-100,60560,train-clean-100/730/358/730-358-0054.flac
27,M,train-clean-100,60560,train-clean-100/27/124992/27-124992-0039.flac
60,M,train-clean-100,60560,train-clean-100/60/121082/60-121082-0077.flac
8238,F,train-clean-100,60561,train-clean-100/8238/274553/8238-274553-0053.flac
5652,F,train-clean-100,60640,train-clean-100/5652/19215/5652-19215-0021.flac
2391,F,train-clean-100,60640,train-clean-100/2391/145015/2391-145015-0107.flac
2691,F,train-clean-100,60640,train-clean-100/2691/156745/2691-156745-0013.flac
289,F,train-clean-100,60640,train-clean-100/289/121652/289-121652-0038.flac
8324,F,train-clean-100,60720,train-clean-100/8324/286681/8324-286681-0004.flac
7302,F,train-clean-100,60720,train-clean-100/7302/86815/7302-86815-0062.flac
1081,M,train-clean-100,60720,train-clean-100/1081/125237/1081-125237-0020.flac
3830,M,train-clean-100,60720,train-clean-100/3830/12535/3830-12535-0018.flac
125,F,train-clean-100,60800,train-clean-100/125/121124/125-121124-0047.flac
5049,M,train-clean-100,60800,train-clean-100/5049/25947/5049-25947-0111.flac
27,M,train-clean-100,60800,train-clean-100/27/124992/27-124992-0005.flac
163,M,train-clean-100,60800,train-clean-100/163/122947/163-122947-0022.flac
5652,F,train-clean-100,60800,train-clean-100/5652/19215/5652-19215-0041.flac
5561,F,train-clean-100,60800,train-clean-100/5561/41615/5561-41615-0046.flac
3374,M,train-clean-100,60880,train-clean-100/3374/298025/3374-298025-0018.flac
3242,M,train-clean-100,60880,train-clean-100/3242/67153/3242-67153-0021.flac
4014,M,train-clean-100,60880,train-clean-100/4014/186179/4014-186179-0004.flac
200,F,train-clean-100,60880,train-clean-100/200/126784/200-126784-0034.flac
730,F,train-clean-100,60880,train-clean-100/730/358/730-358-0006.flac
5652,F,train-clean-100,60880,train-clean-100/5652/19215/5652-19215-0019.flac
1867,M,train-clean-100,60880,train-clean-100/1867/154071/1867-154071-0005.flac
445,M,train-clean-100,60960,train-clean-100/445/123857/445-123857-0004.flac
103,F,train-clean-100,60960,train-clean-100/103/1240/103-1240-0015.flac
8108,M,train-clean-100,60960,train-clean-100/8108/280354/8108-280354-0014.flac
2196,F,train-clean-100,60960,train-clean-100/2196/170151/2196-170151-0034.flac
405,M,train-clean-100,60960,train-clean-100/405/130894/405-130894-0077.flac
5561,F,train-clean-100,61040,train-clean-100/5561/41616/5561-41616-0018.flac
5339,F,train-clean-100,61040,train-clean-100/5339/14133/5339-14133-0047.flac
3240,M,train-clean-100,61040,train-clean-100/3240/131232/3240-131232-0001.flac
1502,F,train-clean-100,61040,train-clean-100/1502/122619/1502-122619-0069.flac
27,M,train-clean-100,61120,train-clean-100/27/124992/27-124992-0051.flac
2989,F,train-clean-100,61120,train-clean-100/2989/138028/2989-138028-0042.flac
1867,M,train-clean-100,61120,train-clean-100/1867/154071/1867-154071-0000.flac
211,F,train-clean-100,61120,train-clean-100/211/122442/211-122442-0010.flac
4441,M,train-clean-100,61200,train-clean-100/4441/76250/4441-76250-0006.flac
32,F,train-clean-100,61200,train-clean-100/32/4137/32-4137-0030.flac
4406,M,train-clean-100,61280,train-clean-100/4406/16883/4406-16883-0006.flac
3486,M,train-clean-100,61280,train-clean-100/3486/166424/3486-166424-0051.flac
2764,F,train-clean-100,61280,train-clean-100/2764/36619/2764-36619-0018.flac
254,M,train-clean-100,61280,train-clean-100/254/27760/254-27760-0004.flac
4051,F,train-clean-100,61280,train-clean-100/4051/11218/4051-11218-0039.flac
8123,F,train-clean-100,61360,train-clean-100/8123/275209/8123-275209-0021.flac
4441,M,train-clean-100,61360,train-clean-100/4441/76263/4441-76263-0016.flac
311,M,train-clean-100,61360,train-clean-100/311/124404/311-124404-0062.flac
1235,M,train-clean-100,61360,train-clean-100/1235/135883/1235-135883-0024.flac
8324,F,train-clean-100,61360,train-clean-100/8324/286682/8324-286682-0013.flac
8051,F,train-clean-100,61440,train-clean-100/8051/295385/8051-295385-0035.flac
4340,F,train-clean-100,61440,train-clean-100/4340/15220/4340-15220-0047.flac
4441,M,train-clean-100,61440,train-clean-100/4441/76262/4441-76262-0015.flac
3723,M,train-clean-100,61520,train-clean-100/3723/171631/3723-171631-0027.flac
5049,M,train-clean-100,61520,train-clean-100/5049/25947/5049-25947-0011.flac
307,M,train-clean-100,61520,train-clean-100/307/127535/307-127535-0045.flac
441,F,train-clean-100,61600,train-clean-100/441/128982/441-128982-0028.flac
1246,F,train-clean-100,61600,train-clean-100/1246/135815/1246-135815-0022.flac
839,M,train-clean-100,61600,train-clean-100/839/130898/839-130898-0000.flac
2911,M,train-clean-100,61600,train-clean-100/2911/12359/2911-12359-0010.flac
1455,M,train-clean-100,61600,train-clean-100/1455/138263/1455-138263-0013.flac
911,M,train-clean-100,61760,train-clean-100/911/128684/911-128684-0087.flac
4406,M,train-clean-100,61760,train-clean-100/4406/16883/4406-16883-0004.flac
8465,F,train-clean-100,61760,train-clean-100/8465/246942/8465-246942-0010.flac
4362,F,train-clean-100,61840,train-clean-100/4362/15663/4362-15663-0085.flac
7800,F,train-clean-100,61840,train-clean-100/7800/283478/7800-283478-0018.flac
211,F,train-clean-100,61840,train-clean-100/211/122442/211-122442-0071.flac
460,M,train-clean-100,61840,train-clean-100/460/172359/460-172359-0043.flac
211,F,train-clean-100,61920,train-clean-100/211/122442/211-122442-0028.flac
211,F,train-clean-100,62000,train-clean-100/211/122442/211-122442-0066.flac
6272,F,train-clean-100,62000,train-clean-100/6272/70168/6272-70168-0016.flac
3830,M,train-clean-100,62080,train-clean-100/3830/12535/3830-12535-0004.flac
3830,M,train-clean-100,62080,train-clean-100/3830/12535/3830-12535-0020.flac
8063,M,train-clean-100,62160,train-clean-100/8063/274115/8063-274115-0033.flac
7402,M,train-clean-100,62240,train-clean-100/7402/59171/7402-59171-0033.flac
322,F,train-clean-100,62240,train-clean-100/322/124147/322-124147-0032.flac
2910,F,train-clean-100,62240,train-clean-100/2910/131096/2910-131096-0047.flac
8468,F,train-clean-100,62240,train-clean-100/8468/294887/8468-294887-0026.flac
1578,F,train-clean-100,62320,train-clean-100/1578/6379/1578-6379-0025.flac
4014,M,train-clean-100,62400,train-clean-100/4014/186175/4014-186175-0021.flac
1263,F,train-clean-100,62400,train-clean-100/1263/138246/1263-138246-0034.flac
1455,M,train-clean-100,62400,train-clean-100/1455/138263/1455-138263-0033.flac
211,F,train-clean-100,62480,train-clean-100/211/122442/211-122442-0082.flac
83,F,train-clean-100,62480,train-clean-100/83/11691/83-11691-0013.flac
229,M,train-clean-100,62480,train-clean-100/229/130880/229-130880-0089.flac
1246,F,train-clean-100,62480,train-clean-100/1246/135815/1246-135815-0023.flac
6385,F,train-clean-100,62481,train-clean-100/6385/220959/6385-220959-0000.flac
6272,F,train-clean-100,62559,train-clean-100/6272/70191/6272-70191-0013.flac
1034,M,train-clean-100,62560,train-clean-100/1034/121119/1034-121119-0018.flac
8063,M,train-clean-100,62560,train-clean-100/8063/274116/8063-274116-0020.flac
3168,M,train-clean-100,62560,train-clean-100/3168/173565/3168-173565-0052.flac
6081,M,train-clean-100,62560,train-clean-100/6081/41998/6081-41998-0003.flac
7190,M,train-clean-100,62560,train-clean-100/7190/90542/7190-90542-0036.flac
7635,F,train-clean-100,62560,train-clean-100/7635/105409/7635-105409-0037.flac
1926,F,train-clean-100,62560,train-clean-100/1926/143879/1926-143879-0002.flac
1447,F,train-clean-100,62560,train-clean-100/1447/130551/1447-130551-0023.flac
4640,F,train-clean-100,62640,train-clean-100/4640/19187/4640-19187-0041.flac
5192,M,train-clean-100,62640,train-clean-100/5192/19397/5192-19397-0003.flac
3436,M,train-clean-100,62720,train-clean-100/3436/172171/3436-172171-0027.flac
4051,F,train-clean-100,62800,train-clean-100/4051/11217/4051-11217-0009.flac
1235,M,train-clean-100,62800,train-clean-100/1235/135883/1235-135883-0007.flac
1867,M,train-clean-100,62800,train-clean-100/1867/154071/1867-154071-0034.flac
4014,M,train-clean-100,62800,train-clean-100/4014/186176/4014-186176-0032.flac
1737,F,train-clean-100,62800,train-clean-100/1737/148989/1737-148989-0012.flac
4051,F,train-clean-100,62800,train-clean-100/4051/10927/4051-10927-0022.flac
5339,F,train-clean-100,62800,train-clean-100/5339/14134/5339-14134-0057.flac
5339,F,train-clean-100,62800,train-clean-100/5339/14134/5339-14134-0022.flac
4406,M,train-clean-100,62880,train-clean-100/4406/16882/4406-16882-0052.flac
7078,F,train-clean-100,62880,train-clean-100/7078/271888/7078-271888-0084.flac
1926,F,train-clean-100,62880,train-clean-100/1926/143879/1926-143879-0016.flac
5750,M,train-clean-100,62880,train-clean-100/5750/35690/5750-35690-0009.flac
2989,F,train-clean-100,62960,train-clean-100/2989/138035/2989-138035-0054.flac
118,M,train-clean-100,62960,train-clean-100/118/121721/118-121721-0022.flac
1235,M,train-clean-100,62960,train-clean-100/1235/135883/1235-135883-0032.flac
2911,M,train-clean-100,63040,train-clean-100/2911/12359/2911-12359-0006.flac
4195,F,train-clean-100,63040,train-clean-100/4195/17507/4195-17507-0039.flac
3830,M,train-clean-100,63040,train-clean-100/3830/12529/3830-12529-0005.flac
1098,F,train-clean-100,63040,train-clean-100/1098/133695/1098-133695-0086.flac
5514,F,train-clean-100,63040,train-clean-100/5514/19192/5514-19192-0000.flac
2391,F,train-clean-100,63040,train-clean-100/2391/145015/2391-145015-0120.flac
6078,F,train-clean-100,63040,train-clean-100/6078/54013/6078-54013-0002.flac
6531,F,train-clean-100,63120,train-clean-100/6531/61334/6531-61334-0080.flac
8629,M,train-clean-100,63200,train-clean-100/8629/261140/8629-261140-0018.flac
481,M,train-clean-100,63200,train-clean-100/481/123720/481-123720-0020.flac
1246,F,train-clean-100,63200,train-clean-100/1246/124548/1246-124548-0008.flac
3374,M,train-clean-100,63280,train-clean-100/3374/298026/3374-298026-0046.flac
2893,M,train-clean-100,63280,train-clean-100/2893/139310/2893-139310-0017.flac
32,F,train-clean-100,63280,train-clean-100/32/4137/32-4137-0058.flac
4859,M,train-clean-100,63280,train-clean-100/4859/29340/4859-29340-0022.flac
26,M,train-clean-100,63280,train-clean-100/26/495/26-495-0018.flac
83,F,train-clean-100,63280,train-clean-100/83/11691/83-11691-0020.flac
4813,M,train-clean-100,63280,train-clean-100/4813/248638/4813-248638-0005.flac
4051,F,train-clean-100,63360,train-clean-100/4051/11218/4051-11218-0004.flac
2436,M,train-clean-100,63360,train-clean-100/2436/2481/2436-2481-0007.flac
8088,M,train-clean-100,63360,train-clean-100/8088/284756/8088-284756-0017.flac
4014,M,train-clean-100,63360,train-clean-100/4014/186179/4014-186179-0044.flac
78,M,train-clean-100,63360,train-clean-100/78/368/78-368-0038.flac
445,M,train-clean-100,63440,train-clean-100/445/123857/445-123857-0016.flac
118,M,train-clean-100,63440,train-clean-100/118/47824/118-47824-0002.flac
1737,F,train-clean-100,63440,train-clean-100/1737/142397/1737-142397-0011.flac
4051,F,train-clean-100,63440,train-clean-100/4051/11218/4051-11218-0000.flac
254,M,train-clean-100,63440,train-clean-100/254/27760/254-27760-0010.flac
328,F,train-clean-100,63520,train-clean-100/328/129766/328-129766-0044.flac
6880,M,train-clean-100,63520,train-clean-100/6880/216547/6880-216547-0056.flac
1553,F,train-clean-100,63520,train-clean-100/1553/140047/1553-140047-0051.flac
3982,F,train-clean-100,63600,train-clean-100/3982/182255/3982-182255-0027.flac
4195,F,train-clean-100,63600,train-clean-100/4195/17507/4195-17507-0011.flac
6019,M,train-clean-100,63600,train-clean-100/6019/3185/6019-3185-0030.flac
6078,F,train-clean-100,63600,train-clean-100/6078/54013/6078-54013-0038.flac
211,F,train-clean-100,63600,train-clean-100/211/122425/211-122425-0024.flac
328,F,train-clean-100,63680,train-clean-100/328/129766/328-129766-0074.flac
458,M,train-clean-100,63680,train-clean-100/458/126305/458-126305-0039.flac
89,F,train-clean-100,63680,train-clean-100/89/218/89-218-0049.flac
307,M,train-clean-100,63680,train-clean-100/307/127535/307-127535-0015.flac
5104,M,train-clean-100,63680,train-clean-100/5104/33406/5104-33406-0012.flac
1502,F,train-clean-100,63680,train-clean-100/1502/122619/1502-122619-0090.flac
1502,F,train-clean-100,63680,train-clean-100/1502/122619/1502-122619-0023.flac
6563,M,train-clean-100,63760,train-clean-100/6563/285357/6563-285357-0026.flac
4014,M,train-clean-100,63760,train-clean-100/4014/186183/4014-186183-0025.flac
5652,F,train-clean-100,63760,train-clean-100/5652/19215/5652-19215-0010.flac
1963,F,train-clean-100,63760,train-clean-100/1963/142393/1963-142393-0038.flac
1737,F,train-clean-100,63760,train-clean-100/1737/146161/1737-146161-0013.flac
4859,M,train-clean-100,63840,train-clean-100/4859/22176/4859-22176-0022.flac
1898,F,train-clean-100,63920,train-clean-100/1898/145724/1898-145724-0036.flac
5750,M,train-clean-100,63920,train-clean-100/5750/100289/5750-100289-0042.flac
1926,F,train-clean-100,63920,train-clean-100/1926/143879/1926-143879-0029.flac
32,F,train-clean-100,64080,train-clean-100/32/21634/32-21634-0009.flac
1926,F,train-clean-100,64080,train-clean-100/1926/147987/1926-147987-0024.flac
5456,M,train-clean-100,64080,train-clean-100/5456/24741/5456-24741-0015.flac
8063,M,train-clean-100,64240,train-clean-100/8063/274112/8063-274112-0034.flac
6078,F,train-clean-100,64240,train-clean-100/6078/54013/6078-54013-0037.flac
5192,M,train-clean-100,64320,train-clean-100/5192/19397/5192-19397-0000.flac
2007,F,train-clean-100,64320,train-clean-100/2007/149877/2007-149877-0042.flac
374,M,train-clean-100,64320,train-clean-100/374/180298/374-180298-0046.flac
5561,F,train-clean-100,64400,train-clean-100/5561/39621/5561-39621-0016.flac
307,M,train-clean-100,64400,train-clean-100/307/127539/307-127539-0010.flac
27,M,train-clean-100,64400,train-clean-100/27/124992/27-124992-0019.flac
8747,M,train-clean-100,64480,train-clean-100/8747/293952/8747-293952-0059.flac
1034,M,train-clean-100,64480,train-clean-100/1034/121119/1034-121119-0067.flac
7278,M,train-clean-100,64480,train-clean-100/7278/104730/7278-104730-0016.flac
6064,F,train-clean-100,64480,train-clean-100/6064/56168/6064-56168-0006.flac
83,F,train-clean-100,64480,train-clean-100/83/11691/83-11691-0018.flac
163,M,train-clean-100,64480,train-clean-100/163/122947/163-122947-0000.flac
7178,F,train-clean-100,64480,train-clean-100/7178/34644/7178-34644-0063.flac
2952,M,train-clean-100,64480,train-clean-100/2952/408/2952-408-0005.flac
4813,M,train-clean-100,64560,train-clean-100/4813/248638/4813-248638-0039.flac
1098,F,train-clean-100,64560,train-clean-100/1098/133695/1098-133695-0080.flac
441,F,train-clean-100,64560,train-clean-100/441/128988/441-128988-0000.flac
481,M,train-clean-100,64560,train-clean-100/481/123720/481-123720-0039.flac
2289,M,train-clean-100,64560,train-clean-100/2289/152258/2289-152258-0014.flac
7302,F,train-clean-100,64640,train-clean-100/7302/86814/7302-86814-0016.flac
5514,F,train-clean-100,64640,train-clean-100/5514/19192/5514-19192-0013.flac
1578,F,train-clean-100,64640,train-clean-100/1578/6379/1578-6379-0013.flac
1963,F,train-clean-100,64640,train-clean-100/1963/147036/1963-147036-0027.flac
3242,M,train-clean-100,64640,train-clean-100/3242/8112/3242-8112-0027.flac
7505,M,train-clean-100,64640,train-clean-100/7505/83618/7505-83618-0021.flac
211,F,train-clean-100,64720,train-clean-100/211/122442/211-122442-0029.flac
89,F,train-clean-100,64800,train-clean-100/89/219/89-219-0049.flac
8468,F,train-clean-100,64800,train-clean-100/8468/294887/8468-294887-0025.flac
27,M,train-clean-100,64880,train-clean-100/27/124992/27-124992-0028.flac
6925,M,train-clean-100,64880,train-clean-100/6925/80680/6925-80680-0046.flac
6367,M,train-clean-100,64960,train-clean-100/6367/74004/6367-74004-0023.flac
211,F,train-clean-100,64960,train-clean-100/211/122425/211-122425-0058.flac
4640,F,train-clean-100,64960,train-clean-100/4640/19187/4640-19187-0022.flac
1624,M,train-clean-100,64960,train-clean-100/1624/168623/1624-168623-0053.flac
1455,M,train-clean-100,65040,train-clean-100/1455/138263/1455-138263-0047.flac
2136,M,train-clean-100,65040,train-clean-100/2136/5143/2136-5143-0035.flac
6415,F,train-clean-100,65040,train-clean-100/6415/116629/6415-116629-0018.flac
4088,F,train-clean-100,65040,train-clean-100/4088/158077/4088-158077-0056.flac
3879,F,train-clean-100,65040,train-clean-100/3879/173592/3879-173592-0035.flac
1867,M,train-clean-100,65120,train-clean-100/1867/154075/1867-154075-0019.flac
2002,M,train-clean-100,65120,train-clean-100/2002/139469/2002-139469-0038.flac
2911,M,train-clean-100,65120,train-clean-100/2911/12359/2911-12359-0009.flac
4859,M,train-clean-100,65200,train-clean-100/4859/29340/4859-29340-0039.flac
8014,F,train-clean-100,65200,train-clean-100/8014/112586/8014-112586-0013.flac
6925,M,train-clean-100,65200,train-clean-100/6925/80680/6925-80680-0053.flac
2764,F,train-clean-100,65200,train-clean-100/2764/36617/2764-36617-0014.flac
1737,F,train-clean-100,65280,train-clean-100/1737/148989/1737-148989-0011.flac
2182,F,train-clean-100,65280,train-clean-100/2182/181183/2182-181183-0023.flac
2989,F,train-clean-100,65280,train-clean-100/2989/138028/2989-138028-0022.flac
125,F,train-clean-100,65280,train-clean-100/125/121124/125-121124-0084.flac
7635,F,train-clean-100,65280,train-clean-100/7635/105661/7635-105661-0048.flac
3982,F,train-clean-100,65360,train-clean-100/3982/182255/3982-182255-0000.flac
5456,M,train-clean-100,65360,train-clean-100/5456/58161/5456-58161-0013.flac
1363,F,train-clean-100,65360,train-clean-100/1363/135842/1363-135842-0011.flac
6476,F,train-clean-100,65360,train-clean-100/6476/57446/6476-57446-0087.flac
332,M,train-clean-100,65440,train-clean-100/332/128985/332-128985-0088.flac
3240,M,train-clean-100,65440,train-clean-100/3240/131231/3240-131231-0052.flac
211,F,train-clean-100,65520,train-clean-100/211/122442/211-122442-0053.flac
8014,F,train-clean-100,65520,train-clean-100/8014/112602/8014-112602-0041.flac
1898,F,train-clean-100,65599,train-clean-100/1898/145724/1898-145724-0024.flac
27,M,train-clean-100,65600,train-clean-100/27/124992/27-124992-0053.flac
5163,F,train-clean-100,65600,train-clean-100/5163/18515/5163-18515-0037.flac
8975,F,train-clean-100,65600,train-clean-100/8975/270782/8975-270782-0041.flac
118,M,train-clean-100,65680,train-clean-100/118/121721/118-121721-0023.flac
26,M,train-clean-100,65680,train-clean-100/26/495/26-495-0007.flac
5192,M,train-clean-100,65680,train-clean-100/5192/19397/5192-19397-0004.flac
5339,F,train-clean-100,65680,train-clean-100/5339/14133/5339-14133-0054.flac
6078,F,train-clean-100,65760,train-clean-100/6078/54013/6078-54013-0053.flac
1447,F,train-clean-100,65760,train-clean-100/1447/130552/1447-130552-0004.flac
4340,F,train-clean-100,65760,train-clean-100/4340/15220/4340-15220-0100.flac
6563,M,train-clean-100,65760,train-clean-100/6563/285357/6563-285357-0044.flac
2911,M,train-clean-100,65840,train-clean-100/2911/15084/2911-15084-0002.flac
1867,M,train-clean-100,65920,train-clean-100/1867/148436/1867-148436-0031.flac
5463,M,train-clean-100,65920,train-clean-100/5463/39173/5463-39173-0051.flac
89,F,train-clean-100,65920,train-clean-100/89/218/89-218-0015.flac
4830,M,train-clean-100,66000,train-clean-100/4830/25904/4830-25904-0019.flac
831,M,train-clean-100,66000,train-clean-100/831/130746/831-130746-0021.flac
2436,M,train-clean-100,66000,train-clean-100/2436/2477/2436-2477-0024.flac
32,F,train-clean-100,66080,train-clean-100/32/4137/32-4137-0041.flac
1867,M,train-clean-100,66080,train-clean-100/1867/148436/1867-148436-0035.flac
1455,M,train-clean-100,66160,train-clean-100/1455/138263/1455-138263-0034.flac
3436,M,train-clean-100,66160,train-clean-100/3436/172162/3436-172162-0031.flac
211,F,train-clean-100,66240,train-clean-100/211/122425/211-122425-0057.flac
4014,M,train-clean-100,66240,train-clean-100/4014/186175/4014-186175-0005.flac
6000,F,train-clean-100,66240,train-clean-100/6000/55211/6000-55211-0029.flac
2764,F,train-clean-100,66240,train-clean-100/2764/36617/2764-36617-0024.flac
332,M,train-clean-100,66320,train-clean-100/332/128985/332-128985-0009.flac
374,M,train-clean-100,66320,train-clean-100/374/180299/374-180299-0005.flac
1867,M,train-clean-100,66320,train-clean-100/1867/154071/1867-154071-0004.flac
446,M,train-clean-100,66400,train-clean-100/446/123502/446-123502-0047.flac
3374,M,train-clean-100,66400,train-clean-100/3374/298032/3374-298032-0039.flac
481,M,train-clean-100,66400,train-clean-100/481/123719/481-123719-0024.flac
2989,F,train-clean-100,66400,train-clean-100/2989/138028/2989-138028-0017.flac
1246,F,train-clean-100,66480,train-clean-100/1246/124550/1246-124550-0039.flac
211,F,train-clean-100,66480,train-clean-100/211/122442/211-122442-0081.flac
298,F,train-clean-100,66560,train-clean-100/298/126791/298-126791-0061.flac
307,M,train-clean-100,66560,train-clean-100/307/127535/307-127535-0028.flac
730,F,train-clean-100,66560,train-clean-100/730/358/730-358-0056.flac
1040,M,train-clean-100,66560,train-clean-100/1040/133433/1040-133433-0054.flac
4018,M,train-clean-100,66640,train-clean-100/4018/103416/4018-103416-0023.flac
5808,M,train-clean-100,66640,train-clean-100/5808/54425/5808-54425-0031.flac
2989,F,train-clean-100,66640,train-clean-100/2989/138035/2989-138035-0060.flac
2989,F,train-clean-100,66720,train-clean-100/2989/138035/2989-138035-0011.flac
6078,F,train-clean-100,66720,train-clean-100/6078/54013/6078-54013-0069.flac
8108,M,train-clean-100,66720,train-clean-100/8108/280354/8108-280354-0031.flac
4014,M,train-clean-100,66720,train-clean-100/4014/186176/4014-186176-0019.flac
1926,F,train-clean-100,66800,train-clean-100/1926/147987/1926-147987-0006.flac
3879,F,train-clean-100,66800,train-clean-100/3879/173592/3879-173592-0013.flac
1898,F,train-clean-100,66880,train-clean-100/1898/145720/1898-145720-0000.flac
5456,M,train-clean-100,66960,train-clean-100/5456/62014/5456-62014-0007.flac
125,F,train-clean-100,66960,train-clean-100/125/121342/125-121342-0029.flac
6925,M,train-clean-100,67040,train-clean-100/6925/80680/6925-80680-0077.flac
2989,F,train-clean-100,67040,train-clean-100/2989/138028/2989-138028-0018.flac
1235,M,train-clean-100,67120,train-clean-100/1235/135883/1235-135883-0045.flac
6081,M,train-clean-100,67120,train-clean-100/6081/42010/6081-42010-0032.flac
8014,F,train-clean-100,67120,train-clean-100/8014/112586/8014-112586-0015.flac
4014,M,train-clean-100,67120,train-clean-100/4014/186179/4014-186179-0012.flac
1502,F,train-clean-100,67120,train-clean-100/1502/122619/1502-122619-0003.flac
26,M,train-clean-100,67200,train-clean-100/26/495/26-495-0017.flac
887,F,train-clean-100,67200,train-clean-100/887/123289/887-123289-0033.flac
7312,M,train-clean-100,67200,train-clean-100/7312/92432/7312-92432-0009.flac
201,M,train-clean-100,67200,train-clean-100/201/127786/201-127786-0066.flac
5192,M,train-clean-100,67200,train-clean-100/5192/19396/5192-19396-0005.flac
2002,M,train-clean-100,67200,train-clean-100/2002/139469/2002-139469-0070.flac
4340,F,train-clean-100,67200,train-clean-100/4340/15220/4340-15220-0098.flac
1502,F,train-clean-100,67201,train-clean-100/1502/122619/1502-122619-0032.flac
5456,M,train-clean-100,67280,train-clean-100/5456/24741/5456-24741-0001.flac
8051,F,train-clean-100,67280,train-clean-100/8051/118101/8051-118101-0027.flac
5456,M,train-clean-100,67360,train-clean-100/5456/58161/5456-58161-0018.flac
4441,M,train-clean-100,67360,train-clean-100/4441/76263/4441-76263-0008.flac
7178,F,train-clean-100,67360,train-clean-100/7178/34645/7178-34645-0013.flac
7312,M,train-clean-100,67360,train-clean-100/7312/92432/7312-92432-0000.flac
322,F,train-clean-100,67440,train-clean-100/322/124146/322-124146-0027.flac
5652,F,train-clean-100,67440,train-clean-100/5652/39938/5652-39938-0023.flac
4014,M,train-clean-100,67440,train-clean-100/4014/186175/4014-186175-0036.flac
40,F,train-clean-100,67520,train-clean-100/40/222/40-222-0033.flac
3240,M,train-clean-100,67600,train-clean-100/3240/131231/3240-131231-0056.flac
150,F,train-clean-100,67600,train-clean-100/150/132655/150-132655-0034.flac
1578,F,train-clean-100,67600,train-clean-100/1578/6379/1578-6379-0042.flac
1992,F,train-clean-100,67600,train-clean-100/1992/141719/1992-141719-0016.flac
1926,F,train-clean-100,67600,train-clean-100/1926/143879/1926-143879-0011.flac
8629,M,train-clean-100,67680,train-clean-100/8629/261139/8629-261139-0073.flac
5104,M,train-clean-100,67760,train-clean-100/5104/33406/5104-33406-0018.flac
4195,F,train-clean-100,67760,train-clean-100/4195/17507/4195-17507-0003.flac
8063,M,train-clean-100,67840,train-clean-100/8063/274117/8063-274117-0000.flac
19,F,train-clean-100,67840,train-clean-100/19/198/19-198-0037.flac
8063,M,train-clean-100,67840,train-clean-100/8063/274116/8063-274116-0034.flac
5867,F,train-clean-100,67840,train-clean-100/5867/48852/5867-48852-0021.flac
1594,M,train-clean-100,67840,train-clean-100/1594/135914/1594-135914-0103.flac
3607,M,train-clean-100,67840,train-clean-100/3607/29116/3607-29116-0043.flac
2843,M,train-clean-100,67919,train-clean-100/2843/152918/2843-152918-0075.flac
4406,M,train-clean-100,67920,train-clean-100/4406/16882/4406-16882-0036.flac
5456,M,train-clean-100,67920,train-clean-100/5456/62014/5456-62014-0016.flac
2817,F,train-clean-100,67920,train-clean-100/2817/142371/2817-142371-0006.flac
1867,M,train-clean-100,67920,train-clean-100/1867/154071/1867-154071-0044.flac
4441,M,train-clean-100,67920,train-clean-100/4441/76250/4441-76250-0000.flac
5703,M,train-clean-100,68000,train-clean-100/5703/47212/5703-47212-0035.flac
6531,F,train-clean-100,68000,train-clean-100/6531/61334/6531-61334-0065.flac
89,F,train-clean-100,68000,train-clean-100/89/219/89-219-0055.flac
2910,F,train-clean-100,68080,train-clean-100/2910/131096/2910-131096-0028.flac
3240,M,train-clean-100,68160,train-clean-100/3240/131231/3240-131231-0055.flac
1970,F,train-clean-100,68240,train-clean-100/1970/10594/1970-10594-0014.flac
4406,M,train-clean-100,68240,train-clean-100/4406/16882/4406-16882-0025.flac
2289,M,train-clean-100,68320,train-clean-100/2289/152257/2289-152257-0006.flac
1867,M,train-clean-100,68320,train-clean-100/1867/154075/1867-154075-0005.flac
5393,F,train-clean-100,68320,train-clean-100/5393/19219/5393-19219-0022.flac
211,F,train-clean-100,68320,train-clean-100/211/122442/211-122442-0031.flac
5688,F,train-clean-100,68320,train-clean-100/5688/15787/5688-15787-0015.flac
39,F,train-clean-100,68400,train-clean-100/39/121916/39-121916-0026.flac
1737,F,train-clean-100,68400,train-clean-100/1737/146161/1737-146161-0010.flac
2817,F,train-clean-100,68400,train-clean-100/2817/142371/2817-142371-0068.flac
200,F,train-clean-100,68400,train-clean-100/200/126784/200-126784-0013.flac
118,M,train-clean-100,68400,train-clean-100/118/47824/118-47824-0086.flac
1246,F,train-clean-100,68480,train-clean-100/1246/135815/1246-135815-0000.flac
1235,M,train-clean-100,68480,train-clean-100/1235/135883/1235-135883-0040.flac
4214,F,train-clean-100,68480,train-clean-100/4214/7146/4214-7146-0040.flac
233,M,train-clean-100,68560,train-clean-100/233/134440/233-134440-0046.flac
2007,F,train-clean-100,68560,train-clean-100/2007/149877/2007-149877-0016.flac
1183,F,train-clean-100,68560,train-clean-100/1183/133256/1183-133256-0017.flac
730,F,train-clean-100,68640,train-clean-100/730/359/730-359-0050.flac
6531,F,train-clean-100,68640,train-clean-100/6531/61334/6531-61334-0074.flac
8063,M,train-clean-100,68719,train-clean-100/8063/274112/8063-274112-0028.flac
248,F,train-clean-100,68720,train-clean-100/248/130697/248-130697-0036.flac
27,M,train-clean-100,68720,train-clean-100/27/123349/27-123349-0030.flac
211,F,train-clean-100,68720,train-clean-100/211/122442/211-122442-0014.flac
4014,M,train-clean-100,68720,train-clean-100/4014/186175/4014-186175-0026.flac
2136,M,train-clean-100,68720,train-clean-100/2136/5143/2136-5143-0016.flac
3857,M,train-clean-100,68800,train-clean-100/3857/182315/3857-182315-0022.flac
78,M,train-clean-100,68800,train-clean-100/78/368/78-368-0053.flac
118,M,train-clean-100,68800,train-clean-100/118/47824/118-47824-0025.flac
5561,F,train-clean-100,68880,train-clean-100/5561/41615/5561-41615-0017.flac
311,M,train-clean-100,68880,train-clean-100/311/124404/311-124404-0029.flac
3242,M,train-clean-100,68960,train-clean-100/3242/67168/3242-67168-0034.flac
8465,F,train-clean-100,68960,train-clean-100/8465/246942/8465-246942-0014.flac
8088,M,train-clean-100,68960,train-clean-100/8088/284756/8088-284756-0109.flac
3168,M,train-clean-100,68960,train-clean-100/3168/173565/3168-173565-0035.flac
211,F,train-clean-100,68960,train-clean-100/211/122442/211-122442-0035.flac
5652,F,train-clean-100,68960,train-clean-100/5652/19215/5652-19215-0033.flac
2764,F,train-clean-100,69040,train-clean-100/2764/36616/2764-36616-0006.flac
39,F,train-clean-100,69040,train-clean-100/39/121914/39-121914-0056.flac
1841,F,train-clean-100,69040,train-clean-100/1841/179183/1841-179183-0009.flac
909,M,train-clean-100,69120,train-clean-100/909/131044/909-131044-0000.flac
3214,M,train-clean-100,69120,train-clean-100/3214/167602/3214-167602-0001.flac
2989,F,train-clean-100,69120,train-clean-100/2989/138035/2989-138035-0047.flac
27,M,train-clean-100,69280,train-clean-100/27/124992/27-124992-0044.flac
4813,M,train-clean-100,69360,train-clean-100/4813/248638/4813-248638-0016.flac
7505,M,train-clean-100,69360,train-clean-100/7505/83618/7505-83618-0011.flac
163,M,train-clean-100,69360,train-clean-100/163/122947/163-122947-0014.flac
6531,F,train-clean-100,69440,train-clean-100/6531/61334/6531-61334-0079.flac
6272,F,train-clean-100,69440,train-clean-100/6272/70191/6272-70191-0000.flac
322,F,train-clean-100,69520,train-clean-100/322/124146/322-124146-0005.flac
4014,M,train-clean-100,69600,train-clean-100/4014/186183/4014-186183-0017.flac
6476,F,train-clean-100,69600,train-clean-100/6476/57446/6476-57446-0033.flac
27,M,train-clean-100,69680,train-clean-100/27/124992/27-124992-0015.flac
5750,M,train-clean-100,69680,train-clean-100/5750/35690/5750-35690-0030.flac
6081,M,train-clean-100,69680,train-clean-100/6081/41997/6081-41997-0017.flac
7190,M,train-clean-100,69760,train-clean-100/7190/90542/7190-90542-0062.flac
1116,F,train-clean-100,69840,train-clean-100/1116/132847/1116-132847-0021.flac
4088,F,train-clean-100,69840,train-clean-100/4088/158077/4088-158077-0098.flac
6081,M,train-clean-100,69920,train-clean-100/6081/41997/6081-41997-0000.flac
8419,M,train-clean-100,70000,train-clean-100/8419/293469/8419-293469-0001.flac
6531,F,train-clean-100,70000,train-clean-100/6531/61334/6531-61334-0064.flac
5456,M,train-clean-100,70000,train-clean-100/5456/24741/5456-24741-0000.flac
1088,F,train-clean-100,70000,train-clean-100/1088/134315/1088-134315-0046.flac
40,F,train-clean-100,70000,train-clean-100/40/121026/40-121026-0009.flac
2843,M,train-clean-100,70000,train-clean-100/2843/152918/2843-152918-0079.flac
5049,M,train-clean-100,70000,train-clean-100/5049/25947/5049-25947-0004.flac
311,M,train-clean-100,70080,train-clean-100/311/124404/311-124404-0121.flac
5339,F,train-clean-100,70080,train-clean-100/5339/14133/5339-14133-0053.flac
125,F,train-clean-100,70080,train-clean-100/125/121124/125-121124-0077.flac
1502,F,train-clean-100,70080,train-clean-100/1502/122619/1502-122619-0066.flac
6181,M,train-clean-100,70160,train-clean-100/6181/216552/6181-216552-0018.flac
3486,M,train-clean-100,70160,train-clean-100/3486/166446/3486-166446-0011.flac
7635,F,train-clean-100,70160,train-clean-100/7635/105661/7635-105661-0014.flac
3723,M,train-clean-100,70160,train-clean-100/3723/171631/3723-171631-0032.flac
1502,F,train-clean-100,70240,train-clean-100/1502/122615/1502-122615-0021.flac
3242,M,train-clean-100,70240,train-clean-100/3242/8112/3242-8112-0023.flac
3242,M,train-clean-100,70240,train-clean-100/3242/8112/3242-8112-0033.flac
6476,F,train-clean-100,70240,train-clean-100/6476/57446/6476-57446-0032.flac
2391,F,train-clean-100,70240,train-clean-100/2391/145015/2391-145015-0072.flac
8797,M,train-clean-100,70240,train-clean-100/8797/294123/8797-294123-0067.flac
125,F,train-clean-100,70240,train-clean-100/125/121342/125-121342-0025.flac
27,M,train-clean-100,70320,train-clean-100/27/124992/27-124992-0058.flac
1970,F,train-clean-100,70320,train-clean-100/1970/10594/1970-10594-0028.flac
8088,M,train-clean-100,70320,train-clean-100/8088/284756/8088-284756-0090.flac
7190,M,train-clean-100,70400,train-clean-100/7190/90542/7190-90542-0061.flac
5867,F,train-clean-100,70480,train-clean-100/5867/48852/5867-48852-0022.flac
150,F,train-clean-100,70480,train-clean-100/150/132655/150-132655-0000.flac
3830,M,train-clean-100,70480,train-clean-100/3830/12531/3830-12531-0031.flac
6531,F,train-clean-100,70560,train-clean-100/6531/61334/6531-61334-0108.flac
1040,M,train-clean-100,70560,train-clean-100/1040/133433/1040-133433-0021.flac
7148,F,train-clean-100,70560,train-clean-100/7148/82991/7148-82991-0012.flac
254,M,train-clean-100,70560,train-clean-100/254/27760/254-27760-0006.flac
1034,M,train-clean-100,70640,train-clean-100/1034/121119/1034-121119-0038.flac
3982,F,train-clean-100,70640,train-clean-100/3982/178459/3982-178459-0012.flac
3436,M,train-clean-100,70720,train-clean-100/3436/172162/3436-172162-0013.flac
5652,F,train-clean-100,70720,train-clean-100/5652/19215/5652-19215-0011.flac
1502,F,train-clean-100,70720,train-clean-100/1502/122619/1502-122619-0035.flac
1578,F,train-clean-100,70720,train-clean-100/1578/140049/1578-140049-0002.flac
254,M,train-clean-100,70720,train-clean-100/254/127705/254-127705-0006.flac
2952,M,train-clean-100,70800,train-clean-100/2952/407/2952-407-0016.flac
233,M,train-clean-100,70800,train-clean-100/233/134440/233-134440-0058.flac
5561,F,train-clean-100,70800,train-clean-100/5561/41615/5561-41615-0048.flac
4680,F,train-clean-100,70800,train-clean-100/4680/16041/4680-16041-0004.flac
4813,M,train-clean-100,70800,train-clean-100/4813/248641/4813-248641-0013.flac
4640,F,train-clean-100,70880,train-clean-100/4640/19187/4640-19187-0031.flac
6925,M,train-clean-100,70880,train-clean-100/6925/80680/6925-80680-0063.flac
254,M,train-clean-100,70960,train-clean-100/254/12312/254-12312-0013.flac
6209,M,train-clean-100,70960,train-clean-100/6209/34599/6209-34599-0006.flac
4859,M,train-clean-100,70960,train-clean-100/4859/26870/4859-26870-0020.flac
4018,M,train-clean-100,70960,train-clean-100/4018/103416/4018-103416-0015.flac
1116,F,train-clean-100,70960,train-clean-100/1116/132847/1116-132847-0011.flac
6078,F,train-clean-100,70960,train-clean-100/6078/54013/6078-54013-0068.flac
1183,F,train-clean-100,70960,train-clean-100/1183/133256/1183-133256-0003.flac
8465,F,train-clean-100,70960,train-clean-100/8465/246943/8465-246943-0029.flac
460,M,train-clean-100,71040,train-clean-100/460/172359/460-172359-0064.flac
2691,F,train-clean-100,71120,train-clean-100/2691/156750/2691-156750-0021.flac
6476,F,train-clean-100,71200,train-clean-100/6476/57446/6476-57446-0045.flac
1081,M,train-clean-100,71280,train-clean-100/1081/128618/1081-128618-0013.flac
211,F,train-clean-100,71280,train-clean-100/211/122425/211-122425-0037.flac
6925,M,train-clean-100,71280,train-clean-100/6925/80680/6925-80680-0032.flac
2007,F,train-clean-100,71280,train-clean-100/2007/132570/2007-132570-0003.flac
3214,M,train-clean-100,71360,train-clean-100/3214/167602/3214-167602-0024.flac
311,M,train-clean-100,71360,train-clean-100/311/124404/311-124404-0019.flac
1594,M,train-clean-100,71360,train-clean-100/1594/135914/1594-135914-0048.flac
1116,F,train-clean-100,71360,train-clean-100/1116/137572/1116-137572-0045.flac
1034,M,train-clean-100,71360,train-clean-100/1034/121119/1034-121119-0089.flac
4640,F,train-clean-100,71360,train-clean-100/4640/19188/4640-19188-0036.flac
6531,F,train-clean-100,71360,train-clean-100/6531/61334/6531-61334-0014.flac
3486,M,train-clean-100,71440,train-clean-100/3486/166446/3486-166446-0004.flac
27,M,train-clean-100,71440,train-clean-100/27/124992/27-124992-0072.flac
730,F,train-clean-100,71440,train-clean-100/730/359/730-359-0013.flac
1183,F,train-clean-100,71520,train-clean-100/1183/128659/1183-128659-0007.flac
8747,M,train-clean-100,71520,train-clean-100/8747/293952/8747-293952-0032.flac
4680,F,train-clean-100,71600,train-clean-100/4680/16026/4680-16026-0006.flac
5339,F,train-clean-100,71600,train-clean-100/5339/14134/5339-14134-0050.flac
2136,M,train-clean-100,71600,train-clean-100/2136/5143/2136-5143-0034.flac
26,M,train-clean-100,71600,train-clean-100/26/495/26-495-0080.flac
6476,F,train-clean-100,71601,train-clean-100/6476/57446/6476-57446-0070.flac
40,F,train-clean-100,71680,train-clean-100/40/121026/40-121026-0010.flac
1502,F,train-clean-100,71680,train-clean-100/1502/122619/1502-122619-0050.flac
60,M,train-clean-100,71680,train-clean-100/60/121082/60-121082-0085.flac
1116,F,train-clean-100,71681,train-clean-100/1116/132847/1116-132847-0001.flac
125,F,train-clean-100,71760,train-clean-100/125/121342/125-121342-0023.flac
8063,M,train-clean-100,71760,train-clean-100/8063/274116/8063-274116-0019.flac
2764,F,train-clean-100,71760,train-clean-100/2764/36619/2764-36619-0030.flac
4481,F,train-clean-100,71760,train-clean-100/4481/17498/4481-17498-0002.flac
1867,M,train-clean-100,71840,train-clean-100/1867/148436/1867-148436-0010.flac
2989,F,train-clean-100,71840,train-clean-100/2989/138028/2989-138028-0047.flac
211,F,train-clean-100,71840,train-clean-100/211/122442/211-122442-0078.flac
26,M,train-clean-100,71840,train-clean-100/26/495/26-495-0088.flac
8238,F,train-clean-100,71840,train-clean-100/8238/283452/8238-283452-0030.flac
7178,F,train-clean-100,71920,train-clean-100/7178/34644/7178-34644-0027.flac
7302,F,train-clean-100,71920,train-clean-100/7302/86815/7302-86815-0081.flac
8014,F,train-clean-100,71920,train-clean-100/8014/112602/8014-112602-0004.flac
1594,M,train-clean-100,71920,train-clean-100/1594/135914/1594-135914-0100.flac
229,M,train-clean-100,71920,train-clean-100/229/130880/229-130880-0058.flac
6000,F,train-clean-100,72000,train-clean-100/6000/55211/6000-55211-0042.flac
3112,F,train-clean-100,72000,train-clean-100/3112/9555/3112-9555-0033.flac
460,M,train-clean-100,72000,train-clean-100/460/172359/460-172359-0081.flac
8063,M,train-clean-100,72000,train-clean-100/8063/274112/8063-274112-0010.flac
4051,F,train-clean-100,72160,train-clean-100/4051/11217/4051-11217-0015.flac
1926,F,train-clean-100,72160,train-clean-100/1926/143879/1926-143879-0030.flac
6209,M,train-clean-100,72160,train-clean-100/6209/34599/6209-34599-0028.flac
1034,M,train-clean-100,72240,train-clean-100/1034/121119/1034-121119-0012.flac
6531,F,train-clean-100,72240,train-clean-100/6531/61334/6531-61334-0129.flac
6925,M,train-clean-100,72240,train-clean-100/6925/80680/6925-80680-0070.flac
7190,M,train-clean-100,72240,train-clean-100/7190/90542/7190-90542-0027.flac
3526,F,train-clean-100,72320,train-clean-100/3526/175658/3526-175658-0015.flac
669,F,train-clean-100,72320,train-clean-100/669/129061/669-129061-0003.flac
7505,M,train-clean-100,72320,train-clean-100/7505/83618/7505-83618-0017.flac
6925,M,train-clean-100,72320,train-clean-100/6925/80680/6925-80680-0058.flac
2289,M,train-clean-100,72400,train-clean-100/2289/152253/2289-152253-0010.flac
403,F,train-clean-100,72400,train-clean-100/403/126855/403-126855-0027.flac
83,F,train-clean-100,72400,train-clean-100/83/3054/83-3054-0000.flac
125,F,train-clean-100,72480,train-clean-100/125/121124/125-121124-0012.flac
6531,F,train-clean-100,72480,train-clean-100/6531/61334/6531-61334-0083.flac
7178,F,train-clean-100,72480,train-clean-100/7178/34645/7178-34645-0029.flac
1455,M,train-clean-100,72560,train-clean-100/1455/138263/1455-138263-0000.flac
125,F,train-clean-100,72560,train-clean-100/125/121124/125-121124-0078.flac
2911,M,train-clean-100,72560,train-clean-100/2911/12359/2911-12359-0013.flac
1246,F,train-clean-100,72640,train-clean-100/1246/124548/1246-124548-0045.flac
8226,M,train-clean-100,72640,train-clean-100/8226/274369/8226-274369-0045.flac
4406,M,train-clean-100,72640,train-clean-100/4406/16882/4406-16882-0032.flac
2764,F,train-clean-100,72640,train-clean-100/2764/36619/2764-36619-0038.flac
6415,F,train-clean-100,72720,train-clean-100/6415/100596/6415-100596-0012.flac
2136,M,train-clean-100,72800,train-clean-100/2136/5143/2136-5143-0042.flac
6836,M,train-clean-100,72880,train-clean-100/6836/61803/6836-61803-0043.flac
5339,F,train-clean-100,72880,train-clean-100/5339/14134/5339-14134-0026.flac
6064,F,train-clean-100,72880,train-clean-100/6064/56165/6064-56165-0008.flac
2436,M,train-clean-100,72880,train-clean-100/2436/2476/2436-2476-0037.flac
4406,M,train-clean-100,72960,train-clean-100/4406/16883/4406-16883-0057.flac
1235,M,train-clean-100,72960,train-clean-100/1235/135884/1235-135884-0033.flac
1183,F,train-clean-100,72960,train-clean-100/1183/133255/1183-133255-0002.flac
2836,F,train-clean-100,72960,train-clean-100/2836/5354/2836-5354-0034.flac
2764,F,train-clean-100,72960,train-clean-100/2764/36619/2764-36619-0026.flac
2289,M,train-clean-100,73040,train-clean-100/2289/152257/2289-152257-0018.flac
2893,M,train-clean-100,73040,train-clean-100/2893/139310/2893-139310-0014.flac
6081,M,train-clean-100,73040,train-clean-100/6081/42010/6081-42010-0017.flac
118,M,train-clean-100,73120,train-clean-100/118/47824/118-47824-0013.flac
2391,F,train-clean-100,73120,train-clean-100/2391/145015/2391-145015-0074.flac
7302,F,train-clean-100,73120,train-clean-100/7302/86814/7302-86814-0041.flac
5456,M,train-clean-100,73121,train-clean-100/5456/62043/5456-62043-0034.flac
1455,M,train-clean-100,73199,train-clean-100/1455/134435/1455-134435-0026.flac
3983,F,train-clean-100,73200,train-clean-100/3983/5371/3983-5371-0039.flac
2843,M,train-clean-100,73200,train-clean-100/2843/152918/2843-152918-0044.flac
4441,M,train-clean-100,73200,train-clean-100/4441/76263/4441-76263-0011.flac
2843,M,train-clean-100,73200,train-clean-100/2843/152918/2843-152918-0045.flac
1594,M,train-clean-100,73200,train-clean-100/1594/135914/1594-135914-0055.flac
3259,F,train-clean-100,73280,train-clean-100/3259/158083/3259-158083-0032.flac
1116,F,train-clean-100,73280,train-clean-100/1116/132851/1116-132851-0010.flac
6147,F,train-clean-100,73360,train-clean-100/6147/34607/6147-34607-0036.flac
8238,F,train-clean-100,73360,train-clean-100/8238/274553/8238-274553-0055.flac
211,F,train-clean-100,73360,train-clean-100/211/122425/211-122425-0000.flac
5192,M,train-clean-100,73360,train-clean-100/5192/19397/5192-19397-0052.flac
3214,M,train-clean-100,73360,train-clean-100/3214/167602/3214-167602-0011.flac
32,F,train-clean-100,73440,train-clean-100/32/4137/32-4137-0011.flac
1235,M,train-clean-100,73520,train-clean-100/1235/135883/1235-135883-0014.flac
5808,M,train-clean-100,73520,train-clean-100/5808/54425/5808-54425-0044.flac
7302,F,train-clean-100,73520,train-clean-100/7302/86814/7302-86814-0044.flac
5104,M,train-clean-100,73520,train-clean-100/5104/33406/5104-33406-0021.flac
5808,M,train-clean-100,73520,train-clean-100/5808/54425/5808-54425-0038.flac
328,F,train-clean-100,73520,train-clean-100/328/129766/328-129766-0010.flac
4195,F,train-clean-100,73600,train-clean-100/4195/17507/4195-17507-0033.flac
1898,F,train-clean-100,73600,train-clean-100/1898/145724/1898-145724-0011.flac
1081,M,train-clean-100,73600,train-clean-100/1081/125237/1081-125237-0019.flac
7278,M,train-clean-100,73600,train-clean-100/7278/246956/7278-246956-0002.flac
730,F,train-clean-100,73680,train-clean-100/730/359/730-359-0035.flac
248,F,train-clean-100,73680,train-clean-100/248/130697/248-130697-0033.flac
163,M,train-clean-100,73680,train-clean-100/163/122947/163-122947-0012.flac
5688,F,train-clean-100,73760,train-clean-100/5688/15787/5688-15787-0030.flac
8975,F,train-clean-100,73760,train-clean-100/8975/270782/8975-270782-0035.flac
5339,F,train-clean-100,73760,train-clean-100/5339/14134/5339-14134-0045.flac
5456,M,train-clean-100,73760,train-clean-100/5456/58161/5456-58161-0019.flac
831,M,train-clean-100,73840,train-clean-100/831/130746/831-130746-0015.flac
2136,M,train-clean-100,73840,train-clean-100/2136/5143/2136-5143-0037.flac
5339,F,train-clean-100,73840,train-clean-100/5339/14134/5339-14134-0032.flac
3259,F,train-clean-100,73920,train-clean-100/3259/158083/3259-158083-0026.flac
27,M,train-clean-100,73920,train-clean-100/27/124992/27-124992-0078.flac
1034,M,train-clean-100,73920,train-clean-100/1034/121119/1034-121119-0084.flac
1034,M,train-clean-100,73920,train-clean-100/1034/121119/1034-121119-0041.flac
322,F,train-clean-100,73920,train-clean-100/322/124146/322-124146-0011.flac
1235,M,train-clean-100,73920,train-clean-100/1235/135884/1235-135884-0036.flac
2843,M,train-clean-100,74000,train-clean-100/2843/152918/2843-152918-0073.flac
2136,M,train-clean-100,74000,train-clean-100/2136/5143/2136-5143-0036.flac
730,F,train-clean-100,74000,train-clean-100/730/358/730-358-0044.flac
254,M,train-clean-100,74000,train-clean-100/254/127705/254-127705-0005.flac
2817,F,train-clean-100,74000,train-clean-100/2817/142371/2817-142371-0010.flac
5514,F,train-clean-100,74080,train-clean-100/5514/19193/5514-19193-0000.flac
6531,F,train-clean-100,74160,train-clean-100/6531/61334/6531-61334-0085.flac
311,M,train-clean-100,74160,train-clean-100/311/124404/311-124404-0080.flac
1502,F,train-clean-100,74160,train-clean-100/1502/122619/1502-122619-0086.flac
2843,M,train-clean-100,74160,train-clean-100/2843/152918/2843-152918-0034.flac
8063,M,train-clean-100,74160,train-clean-100/8063/274115/8063-274115-0018.flac
7635,F,train-clean-100,74160,train-clean-100/7635/105409/7635-105409-0035.flac
4137,F,train-clean-100,74160,train-clean-100/4137/11701/4137-11701-0038.flac
83,F,train-clean-100,74240,train-clean-100/83/9960/83-9960-0036.flac
89,F,train-clean-100,74240,train-clean-100/89/219/89-219-0031.flac
696,F,train-clean-100,74240,train-clean-100/696/93314/696-93314-0064.flac
7635,F,train-clean-100,74240,train-clean-100/7635/105409/7635-105409-0050.flac
4137,F,train-clean-100,74320,train-clean-100/4137/11701/4137-11701-0033.flac
4640,F,train-clean-100,74400,train-clean-100/4640/19188/4640-19188-0003.flac
2136,M,train-clean-100,74400,train-clean-100/2136/5147/2136-5147-0037.flac
2289,M,train-clean-100,74400,train-clean-100/2289/152253/2289-152253-0030.flac
7190,M,train-clean-100,74400,train-clean-100/7190/90542/7190-90542-0072.flac
27,M,train-clean-100,74480,train-clean-100/27/124992/27-124992-0049.flac
7190,M,train-clean-100,74480,train-clean-100/7190/90542/7190-90542-0025.flac
1867,M,train-clean-100,74480,train-clean-100/1867/148436/1867-148436-0036.flac
27,M,train-clean-100,74560,train-clean-100/27/124992/27-124992-0032.flac
201,M,train-clean-100,74560,train-clean-100/201/127786/201-127786-0068.flac
7302,F,train-clean-100,74560,train-clean-100/7302/86815/7302-86815-0039.flac
4441,M,train-clean-100,74640,train-clean-100/4441/76250/4441-76250-0031.flac
307,M,train-clean-100,74640,train-clean-100/307/127535/307-127535-0035.flac
3242,M,train-clean-100,74640,train-clean-100/3242/67168/3242-67168-0020.flac
8095,M,train-clean-100,74720,train-clean-100/8095/274348/8095-274348-0000.flac
6880,M,train-clean-100,74720,train-clean-100/6880/216547/6880-216547-0068.flac
5192,M,train-clean-100,74800,train-clean-100/5192/19397/5192-19397-0057.flac
3723,M,train-clean-100,74800,train-clean-100/3723/171115/3723-171115-0052.flac
730,F,train-clean-100,74800,train-clean-100/730/360/730-360-0011.flac
4898,M,train-clean-100,74800,train-clean-100/4898/28461/4898-28461-0065.flac
8747,M,train-clean-100,74800,train-clean-100/8747/293952/8747-293952-0039.flac
3664,M,train-clean-100,74880,train-clean-100/3664/178355/3664-178355-0019.flac
2391,F,train-clean-100,74880,train-clean-100/2391/145015/2391-145015-0012.flac
3830,M,train-clean-100,74880,train-clean-100/3830/12530/3830-12530-0033.flac
250,F,train-clean-100,74880,train-clean-100/250/142286/250-142286-0011.flac
3983,F,train-clean-100,74960,train-clean-100/3983/5371/3983-5371-0002.flac
1034,M,train-clean-100,74960,train-clean-100/1034/121119/1034-121119-0021.flac
2843,M,train-clean-100,74960,train-clean-100/2843/152918/2843-152918-0008.flac
1098,F,train-clean-100,75040,train-clean-100/1098/133695/1098-133695-0056.flac
8088,M,train-clean-100,75040,train-clean-100/8088/284756/8088-284756-0079.flac
3374,M,train-clean-100,75040,train-clean-100/3374/298032/3374-298032-0017.flac
403,F,train-clean-100,75120,train-clean-100/403/216/403-216-0017.flac
8063,M,train-clean-100,75120,train-clean-100/8063/274117/8063-274117-0002.flac
2159,M,train-clean-100,75120,train-clean-100/2159/179154/2159-179154-0018.flac
8063,M,train-clean-100,75120,train-clean-100/8063/274116/8063-274116-0022.flac
302,F,train-clean-100,75200,train-clean-100/302/123516/302-123516-0024.flac
831,M,train-clean-100,75200,train-clean-100/831/130739/831-130739-0052.flac
460,M,train-clean-100,75200,train-clean-100/460/172359/460-172359-0065.flac
7302,F,train-clean-100,75280,train-clean-100/7302/86815/7302-86815-0020.flac
2911,M,train-clean-100,75280,train-clean-100/2911/15045/2911-15045-0017.flac
5867,F,train-clean-100,75440,train-clean-100/5867/48852/5867-48852-0041.flac
3112,F,train-clean-100,75440,train-clean-100/3112/9554/3112-9554-0023.flac
8324,F,train-clean-100,75440,train-clean-100/8324/286681/8324-286681-0022.flac
229,M,train-clean-100,75520,train-clean-100/229/130880/229-130880-0079.flac
2893,M,train-clean-100,75600,train-clean-100/2893/139322/2893-139322-0020.flac
1926,F,train-clean-100,75600,train-clean-100/1926/147979/1926-147979-0019.flac
8014,F,train-clean-100,75680,train-clean-100/8014/112602/8014-112602-0013.flac
7402,M,train-clean-100,75680,train-clean-100/7402/59171/7402-59171-0030.flac
3830,M,train-clean-100,75680,train-clean-100/3830/12535/3830-12535-0032.flac
4340,F,train-clean-100,75760,train-clean-100/4340/15220/4340-15220-0063.flac
5652,F,train-clean-100,75760,train-clean-100/5652/19215/5652-19215-0016.flac
1963,F,train-clean-100,75760,train-clean-100/1963/147036/1963-147036-0002.flac
5688,F,train-clean-100,75840,train-clean-100/5688/41232/5688-41232-0005.flac
1578,F,train-clean-100,75840,train-clean-100/1578/6379/1578-6379-0015.flac
332,M,train-clean-100,75920,train-clean-100/332/128985/332-128985-0027.flac
5561,F,train-clean-100,75920,train-clean-100/5561/41615/5561-41615-0024.flac
1502,F,train-clean-100,76000,train-clean-100/1502/122619/1502-122619-0087.flac
6531,F,train-clean-100,76000,train-clean-100/6531/61334/6531-61334-0103.flac
3699,M,train-clean-100,76000,train-clean-100/3699/175950/3699-175950-0000.flac
5339,F,train-clean-100,76000,train-clean-100/5339/14134/5339-14134-0024.flac
1578,F,train-clean-100,76000,train-clean-100/1578/140045/1578-140045-0020.flac
1455,M,train-clean-100,76160,train-clean-100/1455/134435/1455-134435-0044.flac
4397,M,train-clean-100,76160,train-clean-100/4397/15666/4397-15666-0026.flac
1963,F,train-clean-100,76160,train-clean-100/1963/142393/1963-142393-0030.flac
4441,M,train-clean-100,76160,train-clean-100/4441/76263/4441-76263-0035.flac
1594,M,train-clean-100,76160,train-clean-100/1594/135914/1594-135914-0040.flac
83,F,train-clean-100,76240,train-clean-100/83/11691/83-11691-0041.flac
5022,F,train-clean-100,76240,train-clean-100/5022/29405/5022-29405-0004.flac
8468,F,train-clean-100,76240,train-clean-100/8468/286673/8468-286673-0009.flac
4051,F,train-clean-100,76240,train-clean-100/4051/11218/4051-11218-0046.flac
7402,M,train-clean-100,76320,train-clean-100/7402/90848/7402-90848-0012.flac
7800,F,train-clean-100,76320,train-clean-100/7800/283478/7800-283478-0005.flac
1898,F,train-clean-100,76320,train-clean-100/1898/145715/1898-145715-0002.flac
6925,M,train-clean-100,76320,train-clean-100/6925/80680/6925-80680-0085.flac
6081,M,train-clean-100,76320,train-clean-100/6081/42010/6081-42010-0005.flac
5104,M,train-clean-100,76400,train-clean-100/5104/33406/5104-33406-0014.flac
27,M,train-clean-100,76400,train-clean-100/27/124992/27-124992-0054.flac
7367,M,train-clean-100,76400,train-clean-100/7367/86737/7367-86737-0098.flac
211,F,train-clean-100,76480,train-clean-100/211/122442/211-122442-0023.flac
198,F,train-clean-100,76480,train-clean-100/198/129977/198-129977-0016.flac
8425,M,train-clean-100,76480,train-clean-100/8425/287387/8425-287387-0031.flac
5808,M,train-clean-100,76480,train-clean-100/5808/54425/5808-54425-0055.flac
7278,M,train-clean-100,76560,train-clean-100/7278/104730/7278-104730-0012.flac
1183,F,train-clean-100,76560,train-clean-100/1183/128659/1183-128659-0001.flac
4014,M,train-clean-100,76640,train-clean-100/4014/186183/4014-186183-0027.flac
6880,M,train-clean-100,76640,train-clean-100/6880/216547/6880-216547-0115.flac
403,F,train-clean-100,76640,train-clean-100/403/128339/403-128339-0013.flac
4898,M,train-clean-100,76640,train-clean-100/4898/28461/4898-28461-0058.flac
3526,F,train-clean-100,76640,train-clean-100/3526/176653/3526-176653-0018.flac
2911,M,train-clean-100,76640,train-clean-100/2911/7601/2911-7601-0001.flac
8465,F,train-clean-100,76720,train-clean-100/8465/246940/8465-246940-0012.flac
254,M,train-clean-100,76720,train-clean-100/254/12312/254-12312-0000.flac
4051,F,train-clean-100,76720,train-clean-100/4051/10927/4051-10927-0002.flac
4195,F,train-clean-100,76720,train-clean-100/4195/17507/4195-17507-0043.flac
730,F,train-clean-100,76720,train-clean-100/730/360/730-360-0020.flac
2136,M,train-clean-100,76800,train-clean-100/2136/5147/2136-5147-0011.flac
3240,M,train-clean-100,76800,train-clean-100/3240/131231/3240-131231-0014.flac
7447,M,train-clean-100,76880,train-clean-100/7447/91186/7447-91186-0015.flac
3440,F,train-clean-100,76880,train-clean-100/3440/171009/3440-171009-0042.flac
1098,F,train-clean-100,76880,train-clean-100/1098/133695/1098-133695-0077.flac
6925,M,train-clean-100,76960,train-clean-100/6925/80680/6925-80680-0024.flac
4640,F,train-clean-100,76960,train-clean-100/4640/19188/4640-19188-0000.flac
118,M,train-clean-100,76960,train-clean-100/118/47824/118-47824-0046.flac
8063,M,train-clean-100,77040,train-clean-100/8063/274112/8063-274112-0040.flac
2843,M,train-clean-100,77120,train-clean-100/2843/152918/2843-152918-0078.flac
1455,M,train-clean-100,77120,train-clean-100/1455/138263/1455-138263-0004.flac
5022,F,train-clean-100,77200,train-clean-100/5022/29405/5022-29405-0020.flac
27,M,train-clean-100,77200,train-clean-100/27/124992/27-124992-0043.flac
1926,F,train-clean-100,77280,train-clean-100/1926/147987/1926-147987-0003.flac
730,F,train-clean-100,77280,train-clean-100/730/360/730-360-0038.flac
103,F,train-clean-100,77280,train-clean-100/103/1241/103-1241-0025.flac
587,F,train-clean-100,77280,train-clean-100/587/54108/587-54108-0039.flac
730,F,train-clean-100,77280,train-clean-100/730/359/730-359-0031.flac
1867,M,train-clean-100,77360,train-clean-100/1867/154071/1867-154071-0035.flac
3526,F,train-clean-100,77440,train-clean-100/3526/175658/3526-175658-0012.flac
3947,F,train-clean-100,77440,train-clean-100/3947/13262/3947-13262-0016.flac
5456,M,train-clean-100,77440,train-clean-100/5456/62014/5456-62014-0010.flac
4640,F,train-clean-100,77520,train-clean-100/4640/19189/4640-19189-0004.flac
1034,M,train-clean-100,77600,train-clean-100/1034/121119/1034-121119-0036.flac
125,F,train-clean-100,77600,train-clean-100/125/121124/125-121124-0075.flac
1578,F,train-clean-100,77600,train-clean-100/1578/6379/1578-6379-0012.flac
2007,F,train-clean-100,77600,train-clean-100/2007/132570/2007-132570-0032.flac
446,M,train-clean-100,77600,train-clean-100/446/123502/446-123502-0049.flac
4859,M,train-clean-100,77760,train-clean-100/4859/29340/4859-29340-0038.flac
1116,F,train-clean-100,77760,train-clean-100/1116/132851/1116-132851-0016.flac
211,F,train-clean-100,77760,train-clean-100/211/122442/211-122442-0065.flac
60,M,train-clean-100,77760,train-clean-100/60/121082/60-121082-0049.flac
5808,M,train-clean-100,77760,train-clean-100/5808/54425/5808-54425-0033.flac
3374,M,train-clean-100,77760,train-clean-100/3374/298025/3374-298025-0022.flac
1447,F,train-clean-100,77760,train-clean-100/1447/130550/1447-130550-0022.flac
831,M,train-clean-100,77760,train-clean-100/831/130739/831-130739-0011.flac
5456,M,train-clean-100,77760,train-clean-100/5456/24741/5456-24741-0021.flac
1363,F,train-clean-100,77840,train-clean-100/1363/135842/1363-135842-0037.flac
1970,F,train-clean-100,77840,train-clean-100/1970/28415/1970-28415-0030.flac
1898,F,train-clean-100,77840,train-clean-100/1898/145720/1898-145720-0011.flac
8797,M,train-clean-100,77920,train-clean-100/8797/294123/8797-294123-0046.flac
4406,M,train-clean-100,77920,train-clean-100/4406/16883/4406-16883-0011.flac
3526,F,train-clean-100,77920,train-clean-100/3526/176653/3526-176653-0038.flac
4014,M,train-clean-100,78000,train-clean-100/4014/186183/4014-186183-0021.flac
1594,M,train-clean-100,78000,train-clean-100/1594/135914/1594-135914-0088.flac
6000,F,train-clean-100,78000,train-clean-100/6000/86686/6000-86686-0017.flac
839,M,train-clean-100,78000,train-clean-100/839/130898/839-130898-0019.flac
4214,F,train-clean-100,78080,train-clean-100/4214/7146/4214-7146-0029.flac
1594,M,train-clean-100,78080,train-clean-100/1594/135914/1594-135914-0106.flac
1334,M,train-clean-100,78080,train-clean-100/1334/135589/1334-135589-0001.flac
3242,M,train-clean-100,78080,train-clean-100/3242/67168/3242-67168-0029.flac
7278,M,train-clean-100,78080,train-clean-100/7278/104730/7278-104730-0019.flac
298,F,train-clean-100,78160,train-clean-100/298/126790/298-126790-0034.flac
4441,M,train-clean-100,78160,train-clean-100/4441/76250/4441-76250-0012.flac
2989,F,train-clean-100,78160,train-clean-100/2989/138035/2989-138035-0053.flac
5514,F,train-clean-100,78160,train-clean-100/5514/19192/5514-19192-0026.flac
4014,M,train-clean-100,78160,train-clean-100/4014/186175/4014-186175-0008.flac
1455,M,train-clean-100,78160,train-clean-100/1455/134435/1455-134435-0073.flac
8088,M,train-clean-100,78240,train-clean-100/8088/284756/8088-284756-0080.flac
2289,M,train-clean-100,78240,train-clean-100/2289/152253/2289-152253-0011.flac
7447,M,train-clean-100,78320,train-clean-100/7447/91186/7447-91186-0008.flac
6531,F,train-clean-100,78320,train-clean-100/6531/61334/6531-61334-0100.flac
8609,M,train-clean-100,78320,train-clean-100/8609/262281/8609-262281-0014.flac
6531,F,train-clean-100,78320,train-clean-100/6531/61334/6531-61334-0122.flac
460,M,train-clean-100,78320,train-clean-100/460/172359/460-172359-0060.flac
5339,F,train-clean-100,78320,train-clean-100/5339/14133/5339-14133-0040.flac
1992,F,train-clean-100,78320,train-clean-100/1992/141719/1992-141719-0045.flac
1594,M,train-clean-100,78320,train-clean-100/1594/135914/1594-135914-0051.flac
5049,M,train-clean-100,78400,train-clean-100/5049/25947/5049-25947-0060.flac
4680,F,train-clean-100,78400,train-clean-100/4680/16041/4680-16041-0003.flac
696,F,train-clean-100,78480,train-clean-100/696/93314/696-93314-0016.flac
226,F,train-clean-100,78480,train-clean-100/226/131532/226-131532-0032.flac
3242,M,train-clean-100,78480,train-clean-100/3242/8112/3242-8112-0032.flac
4051,F,train-clean-100,78480,train-clean-100/4051/11217/4051-11217-0012.flac
2836,F,train-clean-100,78480,train-clean-100/2836/5355/2836-5355-0044.flac
6531,F,train-clean-100,78560,train-clean-100/6531/61334/6531-61334-0068.flac
211,F,train-clean-100,78560,train-clean-100/211/122442/211-122442-0019.flac
211,F,train-clean-100,78560,train-clean-100/211/122442/211-122442-0026.flac
3486,M,train-clean-100,78560,train-clean-100/3486/166446/3486-166446-0001.flac
7635,F,train-clean-100,78560,train-clean-100/7635/105409/7635-105409-0005.flac
4088,F,train-clean-100,78640,train-clean-100/4088/158077/4088-158077-0006.flac
1355,M,train-clean-100,78640,train-clean-100/1355/39947/1355-39947-0046.flac
6531,F,train-clean-100,78640,train-clean-100/6531/61334/6531-61334-0088.flac
1737,F,train-clean-100,78720,train-clean-100/1737/142397/1737-142397-0027.flac
322,F,train-clean-100,78720,train-clean-100/322/124147/322-124147-0023.flac
5514,F,train-clean-100,78800,train-clean-100/5514/19192/5514-19192-0045.flac
5688,F,train-clean-100,78800,train-clean-100/5688/15787/5688-15787-0040.flac
1502,F,train-clean-100,78800,train-clean-100/1502/122619/1502-122619-0024.flac
4441,M,train-clean-100,78800,train-clean-100/4441/76263/4441-76263-0012.flac
4195,F,train-clean-100,78800,train-clean-100/4195/186236/4195-186236-0009.flac
458,M,train-clean-100,78800,train-clean-100/458/126294/458-126294-0009.flac
83,F,train-clean-100,78800,train-clean-100/83/9960/83-9960-0024.flac
4406,M,train-clean-100,78800,train-clean-100/4406/16883/4406-16883-0048.flac
5049,M,train-clean-100,78880,train-clean-100/5049/25947/5049-25947-0089.flac
4137,F,train-clean-100,78880,train-clean-100/4137/11701/4137-11701-0020.flac
1334,M,train-clean-100,78880,train-clean-100/1334/135589/1334-135589-0008.flac
201,M,train-clean-100,78880,train-clean-100/201/122255/201-122255-0000.flac
481,M,train-clean-100,78880,train-clean-100/481/123719/481-123719-0012.flac
2182,F,train-clean-100,78960,train-clean-100/2182/181183/2182-181183-0008.flac
4640,F,train-clean-100,78960,train-clean-100/4640/19187/4640-19187-0033.flac
730,F,train-clean-100,78960,train-clean-100/730/358/730-358-0063.flac
3879,F,train-clean-100,79040,train-clean-100/3879/174923/3879-174923-0057.flac
3259,F,train-clean-100,79040,train-clean-100/3259/158083/3259-158083-0011.flac
6147,F,train-clean-100,79040,train-clean-100/6147/34606/6147-34606-0007.flac
5789,F,train-clean-100,79040,train-clean-100/5789/70653/5789-70653-0013.flac
8088,M,train-clean-100,79040,train-clean-100/8088/284756/8088-284756-0092.flac
2514,M,train-clean-100,79120,train-clean-100/2514/149482/2514-149482-0072.flac
1963,F,train-clean-100,79120,train-clean-100/1963/142393/1963-142393-0001.flac
8838,M,train-clean-100,79121,train-clean-100/8838/298545/8838-298545-0044.flac
4406,M,train-clean-100,79200,train-clean-100/4406/16883/4406-16883-0017.flac
40,F,train-clean-100,79200,train-clean-100/40/121026/40-121026-0007.flac
5561,F,train-clean-100,79200,train-clean-100/5561/39621/5561-39621-0035.flac
3214,M,train-clean-100,79200,train-clean-100/3214/167602/3214-167602-0009.flac
2817,F,train-clean-100,79280,train-clean-100/2817/142380/2817-142380-0024.flac
1502,F,train-clean-100,79280,train-clean-100/1502/122619/1502-122619-0062.flac
4640,F,train-clean-100,79280,train-clean-100/4640/19188/4640-19188-0004.flac
328,F,train-clean-100,79280,train-clean-100/328/129766/328-129766-0079.flac
5393,F,train-clean-100,79280,train-clean-100/5393/19218/5393-19218-0029.flac
458,M,train-clean-100,79360,train-clean-100/458/126294/458-126294-0011.flac
211,F,train-clean-100,79440,train-clean-100/211/122425/211-122425-0074.flac
5339,F,train-clean-100,79440,train-clean-100/5339/14133/5339-14133-0001.flac
8419,M,train-clean-100,79440,train-clean-100/8419/286676/8419-286676-0028.flac
27,M,train-clean-100,79440,train-clean-100/27/124992/27-124992-0014.flac
3723,M,train-clean-100,79440,train-clean-100/3723/171115/3723-171115-0001.flac
6925,M,train-clean-100,79440,train-clean-100/6925/80680/6925-80680-0007.flac
198,F,train-clean-100,79440,train-clean-100/198/209/198-209-0038.flac
3879,F,train-clean-100,79520,train-clean-100/3879/173592/3879-173592-0030.flac
7190,M,train-clean-100,79520,train-clean-100/7190/90543/7190-90543-0012.flac
8063,M,train-clean-100,79520,train-clean-100/8063/274112/8063-274112-0024.flac
5104,M,train-clean-100,79520,train-clean-100/5104/33406/5104-33406-0008.flac
730,F,train-clean-100,79520,train-clean-100/730/359/730-359-0042.flac
4481,F,train-clean-100,79521,train-clean-100/4481/17498/4481-17498-0033.flac
3235,F,train-clean-100,79600,train-clean-100/3235/28452/3235-28452-0014.flac
8324,F,train-clean-100,79600,train-clean-100/8324/286681/8324-286681-0019.flac
328,F,train-clean-100,79680,train-clean-100/328/129766/328-129766-0090.flac
201,M,train-clean-100,79680,train-clean-100/201/127786/201-127786-0049.flac
198,F,train-clean-100,79680,train-clean-100/198/126831/198-126831-0039.flac
39,F,train-clean-100,79680,train-clean-100/39/121915/39-121915-0004.flac
5393,F,train-clean-100,79680,train-clean-100/5393/19218/5393-19218-0013.flac
5652,F,train-clean-100,79680,train-clean-100/5652/19215/5652-19215-0027.flac
5561,F,train-clean-100,79760,train-clean-100/5561/39621/5561-39621-0039.flac
7402,M,train-clean-100,79760,train-clean-100/7402/90848/7402-90848-0045.flac
198,F,train-clean-100,79760,train-clean-100/198/126831/198-126831-0048.flac
7059,F,train-clean-100,79760,train-clean-100/7059/77900/7059-77900-0041.flac